22,2,49,26,33,44,30,50,32,27,3,29,47,41,39,21,40,38,19,24,0.31666666666666665
29,20,32,28,14,17,35,11,1,13,46,33,21,24,48,31,30,50,42,10,0.45
34,3,45,5,33,40,31,39,14,44,48,29,16,26,15,22,47,19,9,1,0.3416666666666667
44,12,1,35,26,11,38,36,23,3,50,0,29,16,46,18,28,17,31,8,0.4
26,34,21,6,1,5,36,27,9,16,37,42,4,49,44,25,23,29,3,7,0.18333333333333332
49,11,20,47,1,21,37,31,48,38,8,3,27,5,42,7,44,40,15,23,0.26666666666666666
16,13,30,8,36,10,48,19,32,15,4,14,45,31,17,50,49,6,3,2,0.3
31,32,19,25,38,23,15,46,34,44,10,43,26,33,5,0,7,22,14,6,0.23333333333333334
30,10,29,31,3,37,4,12,9,1,13,15,2,44,19,39,17,26,8,45,0.35
46,20,48,41,40,6,9,32,28,7,36,1,21,49,44,47,34,43,37,11,0.39166666666666666
39,28,49,29,26,36,12,23,19,20,45,4,2,35,11,15,21,24,10,6,0.31666666666666665
0,42,14,4,28,9,36,24,39,3,1,40,44,35,10,8,6,21,23,16,0.25833333333333336
15,27,10,37,45,29,5,41,31,19,23,6,46,39,8,9,42,13,28,12,0.23333333333333334
45,17,47,36,4,6,40,23,37,15,9,16,29,44,39,34,12,50,8,14,0.21666666666666667
34,27,39,23,37,16,21,41,47,35,48,11,5,10,49,12,20,4,22,36,0.325
44,27,9,47,15,50,43,34,26,18,13,24,33,49,4,8,1,29,11,35,0.31666666666666665
8,11,9,29,17,14,38,27,33,3,22,4,31,24,5,40,2,7,23,36,0.275
6,29,38,15,3,16,28,42,2,22,26,39,10,24,11,25,50,12,45,8,0.35
19,47,32,17,9,30,4,12,49,44,36,38,6,16,20,15,29,5,24,34,0.2916666666666667
6,40,50,27,36,39,16,12,33,4,22,45,8,38,34,30,3,21,42,47,0.3416666666666667
14,16,37,44,26,19,13,34,50,17,27,15,46,2,49,5,8,4,35,38,0.25
48,33,29,24,26,10,17,32,15,43,22,38,23,16,20,14,27,9,44,6,0.20833333333333334
9,43,29,11,42,12,46,15,25,49,14,3,2,7,23,24,4,50,17,33,0.3416666666666667
16,1,12,38,43,44,19,48,7,47,0,27,17,9,37,14,36,31,5,22,0.3333333333333333
26,34,40,4,5,20,13,6,31,42,11,17,2,12,25,16,23,37,49,48,0.425
5,37,29,33,31,50,41,22,39,10,17,6,18,8,7,21,32,46,28,19,0.24166666666666667
25,11,12,31,34,22,46,38,0,39,29,37,8,33,26,35,30,1,48,10,0.30833333333333335
42,9,48,37,29,50,3,22,8,16,2,41,17,30,4,38,27,0,49,19,0.2
39,14,35,11,10,45,48,40,32,33,38,6,23,8,22,9,21,1,5,41,0.36666666666666664
32,37,27,4,34,25,38,5,28,45,26,47,9,50,36,46,16,30,8,11,0.2916666666666667
1,13,23,45,2,36,11,48,12,46,47,6,30,16,9,5,4,29,17,40,0.30833333333333335
23,13,28,12,1,27,7,3,11,46,4,47,50,21,32,22,0,41,26,14,0.4666666666666667
14,10,20,49,8,34,38,11,4,44,31,37,7,13,36,35,42,40,43,47,0.38333333333333336
10,6,14,4,34,38,0,33,29,39,15,37,42,5,35,16,2,27,19,18,0.21666666666666667
33,43,45,24,0,30,3,1,2,12,6,7,34,48,37,26,39,19,49,41,0.225
15,18,1,42,13,24,6,49,9,32,7,23,5,31,33,12,37,16,48,0,0.3416666666666667
9,31,24,42,45,7,30,47,21,19,5,22,20,6,17,48,36,0,41,12,0.375
49,32,17,9,22,34,4,46,21,26,20,44,50,27,30,1,23,24,11,28,0.425
16,49,48,13,46,14,31,44,18,45,26,5,21,11,2,10,3,30,17,27,0.35833333333333334
14,34,8,3,50,31,17,18,23,2,49,13,4,7,11,26,10,38,9,45,0.31666666666666665
29,26,49,40,46,11,43,28,31,1,21,4,8,5,23,12,0,9,44,50,0.375
43,23,36,49,39,8,30,10,27,3,26,17,44,13,50,15,2,32,38,6,0.2916666666666667
1,5,18,47,40,4,15,16,8,45,3,21,19,48,11,24,34,32,6,10,0.2916666666666667
10,48,1,11,14,9,50,2,36,38,41,34,0,22,40,3,26,7,19,45,0.35833333333333334
45,26,50,23,39,16,9,19,38,5,34,8,13,31,1,42,6,10,21,24,0.325
39,1,48,11,49,40,10,12,3,17,4,36,15,50,29,25,28,26,42,44,0.26666666666666666
30,37,14,26,0,38,31,50,29,27,35,1,20,9,42,45,21,32,43,41,0.44166666666666665
40,38,32,45,26,24,25,31,27,39,49,6,13,19,50,18,9,23,3,1,0.26666666666666666
39,36,13,19,21,26,7,2,15,14,30,3,22,11,47,33,6,20,8,28,0.4166666666666667
39,10,11,0,35,44,20,1,38,46,9,22,21,23,40,34,16,4,37,6,0.24166666666666667
28,5,15,19,21,30,32,2,12,1,22,36,27,43,20,9,3,34,45,16,0.38333333333333336
44,11,18,34,5,28,46,24,6,42,19,10,26,2,30,50,32,12,4,38,0.36666666666666664
8,43,34,39,20,4,35,45,41,15,44,30,5,46,32,36,26,42,16,38,0.2916666666666667
13,34,39,16,9,17,46,6,30,22,23,48,36,49,4,10,33,12,25,11,0.375
44,30,43,33,8,12,26,49,23,28,2,36,32,10,27,35,20,31,29,1,0.38333333333333336
49,27,25,1,15,41,2,5,47,11,28,20,18,32,6,16,37,21,19,34,0.38333333333333336
33,2,22,35,3,13,5,27,38,23,1,10,34,26,16,46,50,49,12,41,0.26666666666666666
36,35,33,15,24,10,29,11,1,13,41,28,50,32,45,8,25,34,47,20,0.375
23,50,26,16,4,41,33,22,44,5,27,28,11,13,34,42,8,25,12,39,0.23333333333333334
38,22,11,36,40,2,14,50,1,23,7,31,12,32,49,8,18,47,5,44,0.375
13,15,41,26,45,39,5,31,49,33,29,17,42,12,32,16,6,4,38,37,0.23333333333333334
8,32,4,40,6,46,1,14,39,41,27,30,13,2,0,48,43,34,23,25,0.24166666666666667
43,38,1,4,25,42,12,49,46,8,20,28,13,6,48,31,11,35,10,29,0.425
16,42,6,3,41,24,44,37,11,48,0,45,20,12,40,25,49,50,47,19,0.3416666666666667
46,18,22,11,16,40,35,47,13,27,48,44,50,25,8,12,7,32,20,19,0.35833333333333334
24,27,50,38,19,18,45,30,48,47,8,17,35,42,4,11,37,7,16,10,0.21666666666666667
14,19,42,3,7,27,36,39,22,31,38,29,32,33,37,1,40,9,18,24,0.31666666666666665
5,16,29,28,40,10,32,31,1,27,34,7,17,38,37,11,44,22,15,8,0.36666666666666664
33,23,4,45,38,46,31,29,7,3,6,43,16,41,50,35,18,49,8,30,0.23333333333333334
31,14,17,21,0,23,34,9,35,20,47,48,33,1,40,43,15,46,41,6,0.43333333333333335
45,41,38,0,24,20,46,22,26,35,21,17,23,39,44,3,13,7,47,4,0.3
46,10,45,28,23,25,16,7,9,37,29,49,41,22,13,38,31,24,33,36,0.23333333333333334
17,1,46,15,37,45,20,0,43,5,50,11,23,34,31,36,9,42,2,32,0.2916666666666667
33,32,9,18,42,46,2,41,3,22,7,4,25,16,40,5,27,28,50,24,0.24166666666666667
19,50,7,28,14,46,24,20,17,39,4,33,1,18,47,13,32,5,44,6,0.375
30,37,32,26,3,14,13,8,39,7,36,12,1,9,38,50,2,28,0,48,0.4166666666666667
9,36,40,41,48,29,33,34,45,28,1,8,44,17,39,13,15,14,2,35,0.3416666666666667
45,44,11,48,3,42,13,14,10,20,25,49,4,21,22,1,12,27,47,50,0.4083333333333333
50,31,44,27,13,18,49,7,36,34,38,14,45,2,48,9,32,47,3,30,0.23333333333333334
30,36,16,45,43,34,23,11,32,49,4,48,41,3,46,38,10,7,47,25,0.31666666666666665
35,9,19,13,34,33,8,31,4,17,14,37,26,29,0,16,24,42,36,20,0.36666666666666664
48,20,50,16,2,29,37,4,28,25,13,43,45,21,35,27,47,32,0,40,0.375
4,34,28,25,12,20,3,17,37,9,46,45,26,35,48,39,47,32,10,15,0.39166666666666666
44,12,29,10,14,0,11,3,26,23,50,32,17,30,27,36,39,15,43,24,0.4
46,9,34,1,15,33,23,35,7,41,29,20,6,27,17,32,43,14,16,4,0.25833333333333336
48,33,20,9,39,32,46,7,21,31,27,50,16,11,10,15,24,6,29,22,0.31666666666666665
26,38,1,8,39,29,18,2,13,0,5,23,40,12,27,3,6,49,34,37,0.26666666666666666
30,9,43,17,0,20,47,34,21,15,48,14,10,7,37,35,28,16,46,45,0.31666666666666665
48,7,14,23,12,42,16,2,28,41,17,24,44,34,5,49,38,35,15,0,0.225
25,5,20,45,13,10,43,27,4,49,7,11,26,29,17,40,30,22,44,16,0.325
39,14,9,10,4,34,15,36,3,7,8,2,41,46,17,25,27,29,32,24,0.21666666666666667
47,28,40,42,23,27,37,26,25,7,1,19,3,13,45,20,39,29,10,32,0.2833333333333333
27,21,18,28,31,38,29,46,20,35,48,0,32,11,42,43,14,3,8,26,0.475
42,27,38,19,21,45,31,15,28,22,10,46,8,2,14,0,33,29,47,34,0.275
25,20,26,7,4,18,13,5,37,33,24,43,48,31,1,27,32,10,29,17,0.225
50,3,8,18,19,25,49,7,31,28,15,29,1,9,39,41,48,42,33,32,0.21666666666666667
22,21,40,8,1,45,33,28,48,13,15,17,29,10,35,16,5,12,32,47,0.425
9,42,43,46,2,27,13,6,7,38,35,47,50,29,33,41,22,28,0,30,0.35833333333333334
25,9,49,42,47,7,48,28,38,17,24,35,13,36,34,14,31,1,20,45,0.3416666666666667
17,29,44,24,32,40,35,39,27,22,8,25,0,9,10,43,34,42,48,21,0.25833333333333336
17,42,7,24,11,28,29,0,18,47,26,20,46,22,38,15,23,31,2,35,0.2916666666666667
10,26,44,27,46,41,49,20,16,24,35,31,32,38,50,17,45,6,33,11,0.26666666666666666
34,29,48,25,22,43,18,33,38,16,50,1,9,2,41,28,14,5,40,46,0.35
25,28,20,35,8,19,38,47,37,21,5,3,32,41,4,33,23,31,43,9,0.23333333333333334
9,4,17,24,26,31,16,10,11,34,23,48,2,21,50,19,20,46,37,25,0.4
40,26,3,31,19,21,10,17,24,23,49,36,6,18,14,30,25,46,34,0,0.39166666666666666
46,45,25,40,2,8,10,13,28,21,44,4,3,14,30,38,5,39,43,37,0.25
19,8,40,2,20,17,50,27,30,29,43,12,3,28,15,38,35,49,37,5,0.25833333333333336
17,3,14,50,43,1,42,4,21,37,49,31,47,35,10,11,23,20,32,46,0.35833333333333334
19,8,24,40,16,34,33,42,13,47,10,11,6,37,1,39,12,36,21,31,0.375
31,45,34,37,27,25,11,20,4,6,47,23,32,24,39,10,49,19,48,43,0.31666666666666665
32,41,20,47,8,25,23,38,37,46,13,24,50,19,3,7,0,29,16,14,0.3333333333333333
1,0,17,3,47,44,50,30,20,33,25,34,10,7,13,41,38,36,49,35,0.2833333333333333
0,50,48,36,28,19,32,33,47,38,11,14,46,16,44,45,34,5,27,43,0.35
41,8,25,9,14,20,32,4,7,28,19,42,46,39,18,45,36,0,1,35,0.2
1,37,36,4,5,29,34,42,46,9,35,2,21,45,25,47,23,16,41,12,0.325
19,35,10,21,14,24,45,22,33,17,47,30,9,0,46,29,6,32,31,18,0.30833333333333335
43,37,42,18,4,26,35,39,40,2,8,30,27,20,46,24,17,0,34,22,0.31666666666666665
12,23,49,47,5,18,42,24,7,40,39,30,28,33,14,3,20,22,15,31,0.36666666666666664
49,27,25,38,23,12,47,18,45,4,44,40,8,41,34,16,6,9,30,13,0.23333333333333334
45,15,40,42,28,20,35,22,33,50,17,10,6,14,2,1,39,9,47,12,0.44166666666666665
7,46,20,41,30,26,1,9,14,47,21,8,22,37,10,4,49,43,40,39,0.35833333333333334
25,7,9,36,33,47,11,13,10,16,50,42,2,45,15,49,46,23,40,14,0.2833333333333333
19,27,39,36,17,37,44,32,28,6,38,20,29,23,43,10,26,45,16,42,0.19166666666666668
47,33,37,26,4,48,23,40,50,38,7,18,8,6,5,3,28,10,42,19,0.26666666666666666
31,11,27,44,12,46,41,16,18,14,19,0,30,5,36,38,24,37,15,25,0.26666666666666666
14,41,42,6,12,18,5,0,46,4,9,3,36,50,48,24,17,47,2,25,0.25833333333333336
30,32,3,50,42,45,31,16,13,33,26,14,12,23,34,7,24,10,2,49,0.5583333333333333
8,9,11,28,14,5,33,4,31,18,22,16,42,26,41,39,23,6,43,3,0.325
0,8,10,11,14,3,4,24,20,6,18,40,23,16,25,45,31,50,44,19,0.375
15,0,47,31,11,23,16,10,42,32,8,49,3,26,44,19,46,48,37,27,0.38333333333333336
24,47,29,39,4,3,31,0,42,36,13,44,9,17,20,33,22,10,2,15,0.36666666666666664
28,10,16,41,11,36,19,48,5,50,6,35,47,24,44,1,39,33,45,30,0.2916666666666667
0,39,50,34,23,9,42,30,17,29,36,28,19,35,33,10,13,44,1,6,0.26666666666666666
15,4,34,29,48,37,35,26,28,40,2,9,27,50,20,38,39,19,23,24,0.25
7,39,9,43,38,35,0,6,33,45,17,2,31,19,12,36,40,24,5,34,0.2
38,10,50,49,21,36,5,27,40,12,22,20,18,3,17,39,7,43,33,1,0.35833333333333334
35,12,21,16,44,6,10,41,23,15,9,48,43,28,2,3,36,17,0,45,0.25
19,46,14,39,26,4,22,21,15,34,38,18,5,41,1,49,7,9,13,29,0.23333333333333334
42,23,6,11,39,38,33,19,5,44,43,13,40,28,34,45,16,24,32,50,0.23333333333333334
17,21,13,44,24,2,18,8,27,22,32,4,16,26,30,45,50,20,14,39,0.38333333333333336
10,13,7,11,27,1,16,46,25,40,43,41,49,20,2,38,22,30,50,32,0.43333333333333335
0,18,20,19,32,13,37,9,33,42,31,30,22,24,12,23,28,34,45,38,0.35833333333333334
43,15,19,40,0,14,9,38,47,32,33,7,20,42,39,34,18,10,30,12,0.325
30,13,35,33,22,45,18,16,27,46,40,32,17,41,11,3,23,49,37,24,0.25833333333333336
39,5,18,50,16,8,13,43,25,9,36,49,14,38,3,29,40,41,47,12,0.2833333333333333
28,2,35,16,50,11,4,37,44,29,18,21,17,8,33,14,25,19,38,40,0.35833333333333334
43,45,13,6,24,17,12,14,2,42,15,46,31,48,7,11,30,20,10,37,0.4
43,17,22,30,36,48,49,2,46,24,45,40,12,50,3,19,21,37,11,20,0.35
14,21,19,43,22,45,5,42,37,18,20,2,49,38,26,27,41,29,8,9,0.23333333333333334
13,47,34,0,31,24,27,30,48,19,18,36,44,26,14,7,39,11,49,25,0.325
42,25,4,26,13,48,18,27,44,10,23,37,0,17,32,16,30,29,15,28,0.24166666666666667
35,46,13,5,24,37,6,33,25,1,15,10,34,11,20,40,44,45,36,32,0.25
7,13,37,11,23,40,33,18,16,42,1,30,2,8,12,48,14,15,38,0,0.4166666666666667
48,31,17,28,33,23,11,8,47,2,41,42,38,49,36,6,29,12,43,25,0.31666666666666665
17,20,19,43,49,45,47,41,24,0,22,29,7,36,44,50,39,5,25,27,0.23333333333333334
33,18,1,10,0,20,19,42,44,25,35,15,3,37,45,21,39,46,6,49,0.2833333333333333
50,21,20,19,49,41,36,8,11,33,15,38,0,4,12,17,43,18,22,6,0.2833333333333333
3,22,16,46,41,7,33,1,25,23,10,39,38,40,11,15,27,9,13,37,0.25833333333333336
23,24,9,49,4,41,15,42,48,22,27,29,50,46,36,37,25,17,11,19,0.26666666666666666
18,50,38,37,6,2,12,41,35,26,47,33,16,5,23,4,3,22,19,36,0.25833333333333336
30,17,33,41,27,22,37,4,18,10,6,42,23,19,0,34,1,11,3,48,0.4166666666666667
29,2,38,21,46,25,44,49,34,20,39,22,30,0,36,27,19,48,4,40,0.26666666666666666
42,49,5,34,4,17,41,39,12,15,33,23,37,30,0,25,6,18,44,22,0.21666666666666667
30,8,37,32,27,35,33,2,6,20,42,3,18,22,14,10,7,19,38,25,0.2916666666666667
11,33,49,37,34,26,24,13,22,8,16,3,0,18,44,23,20,45,39,1,0.3
19,45,27,4,47,16,36,32,30,11,29,26,24,15,6,17,8,7,43,21,0.3
47,8,50,1,13,15,31,29,36,0,34,33,14,28,26,19,7,20,4,12,0.36666666666666664
22,8,50,14,41,20,13,7,24,47,4,36,30,10,33,1,16,44,46,28,0.3
18,48,3,37,8,2,36,42,10,39,41,7,9,22,14,49,33,29,15,25,0.26666666666666666
19,40,48,42,32,16,15,25,0,7,30,50,11,17,26,44,37,21,45,36,0.35
44,4,33,20,39,17,2,3,25,29,21,18,37,46,14,27,24,7,31,28,0.31666666666666665
28,32,18,41,49,47,9,33,50,30,35,29,40,11,22,15,20,42,23,19,0.24166666666666667
12,36,10,49,27,13,18,38,28,30,5,2,24,29,34,4,46,19,37,42,0.3
26,2,45,19,13,31,37,17,21,32,1,27,29,46,8,16,5,40,33,35,0.35833333333333334
1,38,4,20,31,9,7,32,8,44,2,13,3,25,19,18,17,34,46,36,0.3
19,45,48,3,16,17,22,41,7,30,44,11,28,32,12,43,40,13,23,6,0.2916666666666667
36,40,33,0,9,16,23,10,43,20,35,28,29,41,39,37,31,22,6,42,0.2833333333333333
22,30,37,6,9,17,21,34,12,26,48,13,31,11,20,27,18,49,44,29,0.38333333333333336
15,27,9,47,4,22,17,42,26,44,35,6,19,36,23,40,31,45,28,30,0.2916666666666667
12,1,44,23,21,37,40,18,5,2,22,10,3,17,39,6,34,49,41,47,0.3333333333333333
34,17,21,33,6,26,3,15,37,12,8,14,40,23,10,41,20,28,43,27,0.31666666666666665
30,20,4,41,14,26,33,1,9,25,6,18,17,47,0,32,36,38,44,27,0.325
22,12,8,20,13,33,31,47,18,24,30,4,49,0,14,15,38,9,41,42,0.31666666666666665
46,27,14,18,35,37,42,50,33,16,15,31,9,38,0,41,3,12,19,11,0.275
5,33,30,47,19,6,2,24,31,7,49,34,40,36,21,28,11,17,4,35,0.3416666666666667
22,36,31,49,25,1,17,21,42,33,24,11,34,5,27,47,2,29,3,8,0.4
35,42,8,50,23,25,1,12,10,15,48,36,26,5,0,21,13,38,34,16,0.43333333333333335
18,26,21,28,31,27,30,5,3,48,43,45,38,10,50,9,40,41,37,4,0.225
29,38,43,22,37,13,16,4,25,17,45,3,47,0,14,40,6,1,46,10,0.2833333333333333
19,47,37,35,13,46,4,9,49,32,33,45,10,20,44,40,26,3,28,30,0.35833333333333334
23,33,20,6,28,48,21,36,14,26,40,47,12,50,31,37,19,1,13,10,0.43333333333333335
48,2,13,44,50,42,32,18,27,4,5,20,24,47,35,12,34,23,11,31,0.35833333333333334
38,27,4,21,17,42,14,5,13,12,49,43,10,47,15,9,0,33,41,44,0.3
34,24,3,20,45,40,1,43,12,19,35,21,23,48,39,9,26,2,31,6,0.35833333333333334
12,46,25,43,13,32,1,41,24,7,16,5,2,33,11,6,22,34,31,45,0.3333333333333333
48,30,43,23,4,8,25,36,16,7,28,14,17,32,15,13,9,34,26,6,0.3
21,44,38,9,15,33,1,32,6,50,34,23,10,35,3,22,19,5,40,31,0.275
43,32,3,20,22,23,35,13,34,45,12,26,48,4,33,37,30,39,29,42,0.36666666666666664
6,15,37,18,45,47,39,9,14,22,30,42,31,44,46,50,36,20,21,41,0.31666666666666665
17,21,31,1,23,11,6,49,41,10,29,3,2,5,50,15,22,26,40,28,0.35
21,16,47,33,2,19,44,42,29,40,48,30,24,17,35,25,20,12,34,36,0.43333333333333335
43,6,41,1,17,5,48,29,13,10,8,46,44,18,38,28,49,27,20,45,0.24166666666666667
15,11,38,19,45,49,34,3,43,48,2,27,42,37,32,12,24,8,1,26,0.3333333333333333
48,50,31,49,24,12,42,6,27,33,9,14,40,15,46,41,38,35,37,11,0.325
47,22,46,3,24,9,14,25,29,0,35,6,13,32,11,23,26,27,48,17,0.35833333333333334
5,31,14,17,9,34,46,50,39,1,15,10,11,33,26,12,47,36,24,19,0.5583333333333333
38,32,21,9,26,14,43,34,27,11,19,40,12,16,35,13,1,23,7,39,0.43333333333333335
7,14,18,41,13,1,9,25,5,19,38,48,31,0,32,15,50,29,16,23,0.325
25,0,31,49,23,26,11,35,37,14,36,19,44,40,28,21,20,41,33,16,0.4
37,7,36,44,8,23,24,13,11,26,30,2,27,49,35,32,50,39,48,38,0.36666666666666664
47,1,36,35,21,17,46,4,48,18,40,23,42,43,38,12,13,14,9,7,0.3416666666666667
12,46,22,45,43,50,6,35,47,48,16,15,19,14,34,25,31,26,20,9,0.4666666666666667
3,9,39,24,16,19,36,32,7,8,4,13,31,48,2,33,25,22,6,40,0.3333333333333333
13,7,26,37,22,24,45,11,28,32,5,33,10,50,2,40,46,17,39,36,0.36666666666666664
31,3,14,33,47,7,6,45,17,35,26,4,42,36,48,18,10,50,30,39,0.26666666666666666
5,1,15,19,37,40,27,29,35,16,23,33,8,20,21,11,32,36,30,47,0.4
32,35,17,47,3,23,11,30,15,31,29,2,39,38,8,46,5,45,4,7,0.2916666666666667
6,13,33,19,10,41,0,42,3,32,27,26,14,48,37,31,30,49,34,24,0.4666666666666667
7,9,16,23,39,47,43,45,0,25,30,34,46,41,21,10,42,12,35,3,0.3416666666666667
40,35,6,42,38,37,17,25,10,24,3,32,13,28,7,21,27,31,16,19,0.2916666666666667
14,9,43,0,29,49,5,15,25,31,23,4,8,34,37,10,2,44,19,22,0.225
18,2,34,44,49,35,20,36,16,48,8,12,0,13,3,33,38,26,50,7,0.3333333333333333
30,41,40,15,36,31,25,28,1,19,17,21,32,13,42,14,2,7,22,3,0.4
9,21,10,36,11,6,28,35,40,20,26,16,23,30,14,31,12,25,1,0,0.5083333333333333
45,41,43,27,38,19,20,34,50,24,37,4,15,2,47,29,8,28,46,0,0.225
30,50,35,45,26,15,22,16,24,25,27,20,21,49,42,12,3,18,9,39,0.325
2,46,31,37,47,7,20,40,19,4,10,13,36,1,50,35,22,14,48,16,0.39166666666666666
42,35,0,29,40,15,48,3,24,39,46,31,38,25,13,27,37,10,6,36,0.24166666666666667
50,7,39,8,31,3,38,23,6,27,18,28,17,30,45,0,21,44,42,13,0.30833333333333335
8,9,50,13,22,16,33,10,12,3,21,14,28,29,2,41,48,15,42,46,0.35
10,45,28,43,17,38,44,22,25,11,6,30,35,46,41,21,8,27,37,42,0.3333333333333333
16,46,0,8,19,15,3,41,9,33,49,36,17,34,24,35,28,30,45,43,0.24166666666666667
32,50,27,49,10,43,42,14,7,30,23,17,15,44,8,9,34,45,3,31,0.225
10,43,20,34,28,46,47,37,12,15,39,42,16,49,8,27,14,5,23,32,0.24166666666666667
1,39,35,12,15,25,49,20,43,9,2,45,26,29,32,8,40,3,4,41,0.26666666666666666
24,50,22,28,1,42,34,36,20,16,9,40,15,0,17,35,13,8,25,43,0.26666666666666666
4,38,0,37,28,3,40,12,27,20,31,33,24,16,42,39,5,48,15,23,0.25833333333333336
45,4,7,33,37,34,30,8,39,49,47,41,32,44,27,24,43,10,22,15,0.18333333333333332
20,8,6,12,47,32,48,35,17,41,26,21,28,24,11,36,4,31,2,42,0.5083333333333333
3,11,16,20,10,23,45,30,35,50,1,21,27,24,41,46,19,28,34,38,0.2833333333333333
23,45,25,36,9,32,35,22,42,33,7,44,28,29,21,27,14,18,40,30,0.21666666666666667
28,25,11,17,45,49,1,40,27,2,21,23,29,22,8,34,39,47,24,37,0.35
35,30,28,11,49,42,1,46,32,5,9,45,7,13,34,39,25,27,36,16,0.25
48,29,2,41,24,13,32,40,47,20,35,43,26,6,0,15,27,45,12,50,0.31666666666666665
20,47,34,14,30,45,9,44,41,26,31,25,2,18,19,12,4,21,29,24,0.44166666666666665
5,2,39,30,12,48,37,24,27,29,11,32,22,34,20,26,1,17,6,41,0.45
11,9,27,15,39,20,46,16,49,6,26,4,19,38,8,2,34,23,10,1,0.4083333333333333
23,25,36,5,4,33,13,15,38,11,32,9,22,49,37,10,26,41,44,47,0.275
7,13,19,36,45,31,2,43,20,17,48,9,24,49,5,14,32,0,1,38,0.26666666666666666
38,42,27,33,18,0,41,2,50,30,25,36,35,47,10,17,3,46,22,8,0.26666666666666666
42,34,16,7,38,6,22,39,43,49,10,46,32,41,24,18,25,23,50,27,0.14166666666666666
3,34,38,31,17,10,21,45,28,41,4,12,7,24,44,48,18,11,37,47,0.2916666666666667
13,7,50,5,15,41,39,21,27,2,22,18,45,14,3,40,8,28,6,32,0.25
6,33,36,13,12,22,9,25,3,48,2,37,4,45,10,7,41,14,18,35,0.35
14,43,18,42,11,7,28,24,15,35,13,12,41,10,21,26,20,8,25,37,0.4
37,48,43,49,19,12,34,22,33,3,10,42,13,9,39,17,20,18,6,16,0.31666666666666665
34,44,4,33,19,50,13,43,45,17,36,8,29,28,38,23,26,15,7,35,0.23333333333333334
34,31,28,27,19,26,25,23,11,49,36,47,4,1,38,43,29,40,3,21,0.25833333333333336
49,34,9,46,24,39,14,16,23,50,1,27,6,32,26,44,0,31,5,48,0.3
5,6,22,3,33,1,20,7,48,2,43,13,42,35,18,15,46,50,12,37,0.35833333333333334
8,15,27,25,38,47,46,18,0,49,3,2,50,12,41,14,36,1,9,16,0.24166666666666667
13,35,48,26,24,15,25,43,10,20,41,39,19,44,16,45,27,21,40,33,0.3
33,22,16,45,48,35,21,43,47,49,15,8,24,46,31,39,5,14,37,42,0.4083333333333333
23,24,14,28,48,38,1,42,35,32,21,26,5,25,36,34,17,4,30,33,0.26666666666666666
0,28,48,38,18,50,46,26,21,42,2,31,49,4,25,24,35,16,15,11,0.31666666666666665
50,11,20,30,10,2,16,38,0,48,8,13,40,23,1,42,26,36,33,29,0.45
25,38,23,33,50,21,20,1,5,48,12,4,29,6,30,37,44,0,40,32,0.4166666666666667
9,16,32,19,4,22,24,33,27,35,18,23,3,31,39,20,42,14,10,49,0.35
2,22,33,25,30,49,7,45,48,43,35,27,12,41,24,34,5,29,20,0,0.30833333333333335
30,2,14,37,1,41,10,19,7,46,3,16,28,13,27,22,35,17,50,0,0.3333333333333333
42,48,36,29,44,50,34,38,40,23,37,27,15,20,41,8,39,4,47,25,0.25
8,28,21,12,0,14,41,32,30,45,46,40,15,50,7,38,20,29,27,18,0.3416666666666667
12,26,27,48,46,28,25,6,35,3,7,36,22,1,23,24,50,2,32,9,0.45
23,13,46,3,1,27,48,44,16,17,37,33,24,15,30,35,45,42,10,4,0.35
11,40,29,47,26,32,39,45,33,16,18,37,41,44,9,6,0,46,23,15,0.2916666666666667
33,43,35,0,37,34,45,49,47,25,24,29,30,31,32,44,42,46,38,20,0.24166666666666667
49,39,8,26,7,16,33,15,0,34,20,27,12,48,2,19,17,9,46,36,0.375
42,17,27,34,36,16,13,40,37,33,1,28,7,46,43,47,14,4,5,2,0.3
44,37,34,10,27,1,50,4,11,17,41,9,21,31,45,24,13,28,0,20,0.325
19,10,30,17,49,24,6,47,27,46,33,36,8,26,14,25,41,15,23,20,0.375
28,49,19,33,44,50,7,31,47,5,14,18,36,11,40,46,6,20,16,3,0.3
9,0,39,47,40,2,30,46,50,37,12,43,3,17,32,1,23,14,5,20,0.3416666666666667
46,20,1,16,17,30,36,42,2,21,47,11,24,25,49,23,48,41,27,31,0.4666666666666667
38,31,50,34,33,5,12,46,11,40,32,20,35,21,23,17,13,28,8,15,0.475
19,33,7,6,34,29,30,38,32,42,20,8,43,23,12,10,49,45,27,1,0.24166666666666667
14,48,38,26,0,5,15,44,4,32,33,35,41,12,28,40,18,9,21,24,0.2833333333333333
8,49,28,18,33,15,3,0,37,2,48,42,36,22,7,50,47,39,44,17,0.31666666666666665
46,34,50,25,39,19,35,7,31,14,30,38,29,1,10,43,2,12,22,6,0.425
4,39,45,25,35,18,10,16,21,43,17,2,28,20,26,37,50,13,48,5,0.30833333333333335
23,29,43,14,50,37,32,0,7,11,35,39,31,15,46,25,6,5,8,27,0.275
40,39,32,26,15,34,5,0,29,13,11,2,9,22,48,50,23,42,19,17,0.35833333333333334
26,13,14,36,27,7,31,38,45,10,12,33,11,46,37,48,25,43,19,28,0.4083333333333333
47,15,9,34,25,44,26,7,13,35,21,4,39,2,19,41,50,36,11,16,0.31666666666666665
18,36,9,7,39,11,20,6,4,41,29,21,28,8,47,40,19,5,0,23,0.25
45,50,12,22,9,49,26,30,24,29,41,23,19,36,33,37,35,38,32,46,0.35
50,0,33,35,12,13,15,24,8,21,2,11,37,43,29,30,4,5,3,22,0.43333333333333335
49,1,45,2,25,9,10,37,24,48,27,34,3,11,32,26,4,36,46,50,0.25
48,39,6,37,11,43,36,38,46,34,44,49,18,4,26,2,24,22,19,50,0.21666666666666667
27,8,38,48,7,41,16,30,28,22,24,5,14,0,17,9,50,45,39,34,0.19166666666666668
22,27,37,43,35,20,7,5,31,36,48,49,38,19,45,50,26,10,21,44,0.2916666666666667
38,11,25,45,23,33,36,13,9,27,26,50,4,34,47,1,10,35,5,41,0.38333333333333336
41,19,14,46,23,9,25,2,33,45,31,30,24,13,42,40,29,37,12,6,0.4083333333333333
13,20,23,29,47,49,12,14,38,48,9,36,7,19,44,25,40,16,41,2,0.25
21,17,48,24,15,28,3,46,25,23,0,38,42,37,32,2,19,31,20,12,0.26666666666666666
21,11,18,33,2,30,10,15,40,5,7,12,24,32,35,50,13,46,28,44,0.36666666666666664
3,24,11,6,21,26,48,47,15,23,14,4,19,49,33,28,22,5,8,9,0.36666666666666664
6,8,11,18,10,12,28,31,4,33,32,3,13,9,25,24,42,45,37,15,0.2916666666666667
40,19,4,39,14,49,35,18,43,47,36,21,11,26,15,30,8,25,38,1,0.4
23,11,16,10,13,25,33,3,41,48,49,14,15,17,35,26,22,46,21,1,0.3416666666666667
7,48,47,15,19,33,42,27,26,40,24,32,14,50,25,23,44,46,37,36,0.23333333333333334
6,3,13,8,38,47,45,16,15,20,28,17,41,7,32,48,23,9,50,35,0.23333333333333334
48,29,22,35,27,0,3,43,13,12,42,2,15,20,28,9,38,40,47,25,0.30833333333333335
8,46,23,37,27,4,32,12,44,25,6,29,2,36,33,17,31,18,35,26,0.2833333333333333
8,12,20,46,33,18,19,37,1,48,27,29,4,23,14,0,7,47,9,28,0.4083333333333333
26,2,43,18,16,45,28,17,19,24,8,34,21,0,7,42,31,33,11,46,0.36666666666666664
8,26,46,32,48,6,22,40,19,44,14,4,38,35,33,37,12,25,36,23,0.3416666666666667
38,2,47,22,15,11,41,30,0,27,44,17,13,34,24,20,23,32,46,1,0.35
47,35,27,12,37,28,48,41,18,32,20,21,44,14,42,2,36,1,16,50,0.38333333333333336
15,39,50,48,37,0,28,9,36,2,13,22,12,32,16,19,26,25,30,47,0.3333333333333333
0,23,39,3,50,22,24,32,34,36,5,33,19,38,4,18,37,42,46,15,0.175
11,32,38,12,3,15,48,47,18,8,6,35,7,1,33,31,0,36,44,9,0.35833333333333334
1,11,7,27,32,20,9,39,2,26,17,30,24,28,8,41,4,47,35,50,0.525
43,33,16,32,5,36,50,8,22,48,3,19,15,47,23,4,17,21,25,13,0.25833333333333336
25,7,45,11,32,6,13,43,33,39,15,29,36,14,24,19,40,48,46,17,0.25
3,20,42,0,19,50,8,30,29,23,41,15,31,39,44,37,21,27,12,18,0.31666666666666665
13,27,22,48,28,23,3,19,33,0,25,42,47,49,43,37,46,44,7,35,0.3333333333333333
14,5,17,44,30,27,48,21,25,4,43,15,19,9,46,2,29,42,16,3,0.275
49,15,28,46,0,2,29,25,1,38,18,16,32,4,12,33,48,47,26,10,0.3
49,18,38,21,26,1,22,13,40,3,20,25,9,10,6,5,32,28,7,45,0.2916666666666667
22,16,49,2,28,37,5,26,9,32,41,17,6,36,15,35,14,11,40,33,0.3
27,3,32,30,50,14,17,13,15,8,24,40,20,9,2,23,19,25,46,47,0.38333333333333336
46,43,20,36,30,0,42,45,4,19,48,50,7,31,9,37,12,23,33,2,0.3416666666666667
39,6,26,31,7,11,46,34,50,37,8,5,29,30,24,22,20,3,10,48,0.26666666666666666
27,45,32,47,5,50,35,2,12,25,30,14,36,18,8,44,49,43,22,3,0.3
5,14,45,13,44,34,23,15,36,17,18,49,19,9,37,22,7,42,47,39,0.20833333333333334
36,22,3,42,5,20,9,24,7,10,48,44,25,8,49,38,17,2,18,29,0.26666666666666666
12,13,28,35,48,16,49,11,6,23,37,36,21,30,10,27,5,4,19,44,0.30833333333333335
4,36,8,15,1,5,9,16,24,49,3,42,46,11,40,7,38,34,45,48,0.25
15,13,6,39,24,36,12,33,20,49,42,34,7,16,11,35,44,14,47,17,0.31666666666666665
49,19,3,40,48,34,7,12,16,39,35,15,10,18,9,41,4,14,29,50,0.20833333333333334
45,10,42,15,32,44,20,17,36,14,7,11,27,1,12,6,18,26,8,13,0.325
23,46,11,49,42,15,7,19,47,28,41,36,44,5,38,25,43,35,16,31,0.23333333333333334
2,35,11,30,1,28,31,45,7,34,42,21,38,39,48,15,44,23,25,40,0.43333333333333335
9,31,5,35,40,46,16,12,30,39,43,0,36,44,24,25,1,38,7,20,0.35
16,1,36,3,0,22,47,23,41,5,35,20,8,32,4,12,42,17,29,44,0.2916666666666667
40,48,15,47,38,2,31,43,29,27,8,44,49,11,14,32,12,45,37,39,0.35
41,13,36,9,42,40,45,46,18,31,38,7,2,8,5,34,47,16,50,48,0.225
35,44,9,3,48,43,30,45,26,27,7,6,46,12,1,47,24,20,31,39,0.48333333333333334
7,44,46,29,30,16,22,28,47,38,21,9,48,24,49,11,45,4,14,50,0.3416666666666667
40,7,1,31,27,50,21,14,19,4,45,30,13,46,43,22,5,38,10,23,0.3333333333333333
47,43,22,5,11,26,23,0,44,29,41,49,2,42,38,36,35,7,18,45,0.2833333333333333
42,9,0,26,31,34,43,29,19,11,39,1,22,3,20,48,14,21,10,16,0.38333333333333336
0,6,24,7,37,19,23,38,29,3,27,35,12,41,47,44,39,28,17,45,0.21666666666666667
26,36,10,40,18,45,14,20,23,21,25,47,12,1,8,16,42,4,22,44,0.4583333333333333
42,36,46,1,13,9,16,17,31,5,26,45,32,4,14,44,8,19,34,33,0.2916666666666667
43,45,2,28,30,34,5,23,41,37,36,15,17,3,42,21,33,7,11,4,0.30833333333333335
23,43,31,0,12,9,37,24,39,44,48,11,35,30,28,33,29,47,17,14,0.4083333333333333
43,18,8,48,30,4,24,39,50,45,26,46,40,20,14,2,44,12,11,36,0.425
30,40,43,44,8,34,0,33,11,42,38,49,39,22,14,7,45,16,1,18,0.2916666666666667
22,15,17,9,5,6,7,10,16,43,37,41,13,19,25,18,40,38,8,39,0.225
7,42,3,28,12,38,2,17,6,1,21,24,10,29,48,46,9,34,5,44,0.21666666666666667
38,28,10,41,23,18,19,24,14,50,34,13,15,35,0,16,37,47,2,21,0.275
1,6,17,35,26,7,16,40,50,42,2,37,28,46,20,0,21,39,24,8,0.3416666666666667
47,24,13,38,35,29,6,3,21,0,36,16,44,26,20,4,19,5,43,7,0.2
21,10,32,41,44,37,12,31,18,16,23,24,38,43,30,1,6,33,11,9,0.325
39,19,8,2,10,30,47,27,38,22,29,1,33,24,5,40,16,48,46,36,0.3416666666666667
50,13,12,43,2,32,45,19,47,33,44,22,15,17,36,0,46,28,5,35,0.21666666666666667
12,27,46,20,2,13,6,19,10,29,1,43,9,50,47,34,44,23,32,11,0.4
35,25,29,21,18,33,24,42,46,10,4,16,6,1,15,14,43,3,9,40,0.31666666666666665
14,36,39,42,0,10,3,40,20,35,2,41,16,13,46,22,4,27,28,7,0.35
31,45,48,38,25,34,42,2,0,44,47,8,7,26,11,46,16,3,39,29,0.325
17,47,38,29,40,11,13,36,8,33,35,27,32,18,10,19,12,43,16,42,0.30833333333333335
49,14,20,17,33,25,48,13,9,38,2,35,40,45,31,4,43,28,1,44,0.2833333333333333
17,13,30,1,39,18,10,6,38,44,42,22,26,27,43,5,45,36,2,34,0.39166666666666666
1,27,23,8,22,45,50,15,18,38,44,10,19,4,3,25,43,26,7,20,0.26666666666666666
45,14,26,27,44,28,0,24,17,15,11,36,3,42,13,39,4,1,43,34,0.24166666666666667
34,30,43,9,27,10,40,11,13,7,17,6,16,39,14,45,44,1,2,41,0.4083333333333333
35,22,0,30,44,27,12,3,10,18,37,4,9,8,5,45,1,6,39,21,0.225
38,42,26,32,14,4,15,7,22,12,40,29,18,44,21,48,34,20,36,46,0.35
31,36,2,27,38,46,24,39,26,3,0,9,37,20,25,7,41,42,13,32,0.35833333333333334
27,37,19,21,42,48,16,29,50,2,4,7,10,43,34,25,44,11,0,14,0.3333333333333333
40,34,12,11,15,49,5,10,46,48,7,23,38,42,13,30,16,28,26,39,0.30833333333333335
29,41,28,27,50,14,7,3,8,34,46,5,25,26,44,10,39,40,24,31,0.35
3,34,47,45,17,14,31,37,9,38,43,30,18,2,28,10,11,23,26,24,0.375
9,27,17,6,40,45,42,3,33,11,39,29,13,5,18,10,1,35,0,4,0.2833333333333333
12,32,16,9,35,26,20,3,4,22,46,10,25,1,5,40,44,33,41,18,0.2916666666666667
36,0,44,30,24,2,16,42,20,37,48,27,34,9,15,29,49,4,33,35,0.30833333333333335
15,42,5,8,4,14,20,17,12,7,11,13,19,50,29,16,3,23,6,26,0.275
22,33,34,45,14,19,15,0,35,16,41,42,21,38,40,3,24,37,5,6,0.30833333333333335
2,34,6,28,37,44,14,45,30,21,8,33,24,1,46,22,0,20,42,23,0.38333333333333336
48,11,28,22,43,31,29,3,10,16,38,32,50,7,33,15,4,1,17,30,0.4666666666666667
39,1,19,26,35,8,45,34,31,15,25,44,0,3,16,14,47,28,21,23,0.25833333333333336
2,21,26,25,48,12,10,39,18,32,16,33,4,41,36,3,24,0,17,46,0.31666666666666665
13,1,2,39,28,8,7,0,35,18,33,47,5,48,38,21,42,20,6,25,0.43333333333333335
9,6,48,16,41,11,44,23,28,10,12,24,25,15,7,3,31,30,20,39,0.3333333333333333
44,31,17,4,50,18,46,47,32,33,21,7,2,1,36,29,11,16,24,42,0.30833333333333335
44,18,13,21,19,15,41,20,29,46,7,42,25,2,0,47,32,49,36,26,0.26666666666666666
6,0,50,48,23,16,15,21,8,3,43,14,10,5,22,13,39,49,26,37,0.3333333333333333
12,5,23,36,22,35,2,31,39,8,16,1,20,19,45,3,30,11,9,37,0.375
28,7,42,35,30,37,44,1,46,0,6,11,19,15,3,8,45,9,47,43,0.20833333333333334
23,37,19,5,47,49,42,1,26,16,4,50,34,21,38,43,24,46,29,3,0.2
11,6,27,28,15,8,4,7,39,45,24,21,34,40,38,3,32,36,12,2,0.26666666666666666
7,23,34,49,37,3,41,43,4,6,21,33,40,47,8,31,5,35,42,22,0.23333333333333334
17,40,8,27,10,21,35,24,45,4,28,16,20,6,13,50,15,31,41,30,0.2916666666666667
29,35,12,31,11,7,48,21,49,6,2,38,14,43,3,22,45,0,33,42,0.35
36,39,3,4,25,30,19,43,48,40,11,23,0,8,49,20,32,22,33,50,0.4166666666666667
5,22,36,49,0,28,16,10,17,27,43,31,9,26,39,21,30,40,42,13,0.35833333333333334
40,24,45,43,27,3,18,46,15,2,50,36,7,11,21,28,17,49,20,41,0.3
45,34,44,11,0,33,4,39,12,9,46,18,35,25,8,1,36,14,13,28,0.31666666666666665
41,0,49,38,50,12,21,16,4,42,13,17,36,3,20,47,1,10,7,39,0.225
31,19,46,50,36,27,38,37,20,49,8,40,28,15,4,5,6,1,42,14,0.2916666666666667
23,31,43,39,21,38,36,8,4,3,25,15,6,14,27,46,28,32,9,30,0.23333333333333334
46,4,29,44,7,43,38,30,0,16,8,40,39,41,36,26,28,18,45,50,0.225
28,46,27,23,4,21,20,26,25,6,41,5,14,0,11,17,50,35,12,22,0.38333333333333336
39,4,49,7,15,25,11,41,36,35,3,12,1,43,30,8,44,45,31,48,0.31666666666666665
18,6,23,7,0,46,42,37,16,17,41,21,38,19,10,36,34,8,31,22,0.25833333333333336
9,50,23,28,41,30,11,5,42,38,18,37,16,39,15,12,13,40,4,24,0.2
4,14,22,21,5,32,41,15,49,35,28,46,0,33,6,43,45,23,25,37,0.20833333333333334
0,10,39,29,2,28,8,36,19,43,22,46,31,9,27,12,41,4,47,34,0.275
16,29,3,32,18,22,5,24,42,17,15,43,4,39,35,40,6,23,13,21,0.24166666666666667
7,46,23,30,44,17,40,16,42,28,5,12,48,24,3,6,31,8,32,26,0.39166666666666666
11,21,48,28,45,44,17,34,9,25,46,5,39,7,20,36,29,32,30,27,0.38333333333333336
45,2,39,20,11,40,4,37,33,15,9,0,1,18,10,19,38,29,35,8,0.30833333333333335
42,45,8,39,48,14,19,24,15,16,13,28,2,12,32,4,3,31,21,43,0.31666666666666665
20,0,10,7,14,22,6,42,1,33,41,46,39,32,12,9,37,30,48,31,0.4083333333333333
12,28,15,45,47,18,25,49,38,3,6,36,50,9,48,16,21,20,23,7,0.2
26,34,40,39,27,4,5,32,37,22,50,23,14,18,45,28,43,19,47,46,0.30833333333333335
0,39,27,25,7,50,43,2,47,49,17,28,14,32,16,48,6,36,18,8,0.225
13,0,31,37,30,9,11,45,17,6,20,18,39,40,50,33,2,5,28,42,0.38333333333333336
44,22,39,28,18,7,25,47,49,48,20,27,33,45,11,29,30,12,16,9,0.3333333333333333
25,41,1,29,31,9,7,45,6,26,17,34,49,37,13,10,16,11,50,43,0.275
5,31,6,27,44,21,42,25,22,49,32,33,29,26,11,19,34,2,8,48,0.2833333333333333
8,17,29,19,31,10,37,9,7,3,50,2,40,5,1,6,24,20,30,44,0.35
29,39,19,25,21,11,0,47,44,5,9,34,40,2,35,36,16,49,7,18,0.30833333333333335
29,13,32,0,45,8,31,42,30,43,9,16,18,14,50,49,12,10,2,15,0.36666666666666664
47,8,3,16,36,50,31,37,10,32,43,12,34,44,40,20,4,38,21,24,0.25833333333333336
48,41,17,1,31,50,11,32,36,43,22,37,27,14,20,47,4,19,16,23,0.3416666666666667
31,0,2,32,5,46,36,12,33,14,9,20,34,48,16,41,40,4,49,37,0.375
44,4,24,31,8,27,42,14,48,1,2,33,35,46,23,32,25,3,49,39,0.4083333333333333
26,16,45,47,9,18,33,38,25,1,8,36,3,41,40,30,11,29,21,2,0.36666666666666664
50,38,20,12,34,44,31,30,26,17,43,27,13,24,33,16,4,15,40,9,0.43333333333333335
29,28,49,30,5,12,35,46,33,0,11,7,26,3,45,14,23,41,34,31,0.3416666666666667
4,7,44,13,14,32,49,25,30,43,6,26,38,40,5,2,21,42,0,22,0.2833333333333333
2,18,20,15,35,22,47,16,30,45,14,31,50,10,4,3,34,46,40,41,0.3
12,16,27,31,13,42,3,30,32,39,22,50,28,36,18,23,6,40,49,11,0.39166666666666666
33,12,9,48,11,31,19,42,46,5,27,0,34,30,29,20,36,22,47,26,0.4083333333333333
48,45,41,0,35,9,12,30,26,25,4,21,33,32,5,13,42,36,8,43,0.2916666666666667
28,34,46,27,19,11,39,26,44,22,31,36,13,18,1,15,32,10,49,0,0.44166666666666665
11,1,46,28,45,29,9,36,7,41,8,47,13,4,25,30,23,39,34,14,0.225
10,49,44,1,3,20,5,0,47,32,15,9,40,43,7,24,8,42,25,28,0.26666666666666666
0,44,17,36,32,33,13,1,19,9,45,30,21,46,41,16,27,25,11,31,0.38333333333333336
14,48,0,3,49,29,35,31,9,10,43,18,20,41,42,15,12,17,22,6,0.3
4,2,39,13,1,32,30,3,40,15,18,10,20,14,48,41,37,31,5,29,0.2833333333333333
30,32,11,31,35,33,44,47,16,8,1,10,4,7,41,43,42,15,28,46,0.25833333333333336
39,17,3,2,25,6,1,13,45,38,33,44,42,34,27,15,49,0,4,24,0.26666666666666666
8,32,39,4,10,1,18,15,38,28,11,7,33,50,46,14,34,3,42,45,0.16666666666666666
44,40,2,22,19,13,42,39,33,12,0,26,50,15,35,18,46,34,20,25,0.38333333333333336
5,24,23,3,6,39,32,42,37,19,49,11,45,35,12,27,4,7,2,13,0.2916666666666667
10,39,20,31,17,37,44,27,30,28,23,11,34,35,3,49,2,48,0,13,0.4083333333333333
3,40,31,13,12,42,36,15,34,21,7,23,0,4,38,10,35,50,16,37,0.375
36,42,21,18,29,25,27,19,22,16,33,38,46,13,30,23,45,17,48,40,0.25833333333333336
17,16,12,1,8,47,13,46,6,48,22,49,27,0,50,26,43,4,19,14,0.4
11,25,6,12,18,3,1,44,50,34,46,32,30,38,43,5,35,37,29,31,0.375
0,5,33,37,42,14,27,38,36,46,41,31,44,21,39,28,13,3,30,15,0.26666666666666666
30,8,17,37,31,11,15,50,25,33,48,2,34,14,43,44,32,4,1,45,0.4083333333333333
43,49,36,27,13,47,9,29,16,32,39,30,18,46,22,21,42,19,45,11,0.225
30,36,17,11,18,45,41,3,50,40,25,1,19,6,31,39,34,48,14,38,0.39166666666666666
39,32,4,10,31,22,0,12,20,29,44,11,37,36,19,34,15,42,25,8,0.25
20,3,21,31,7,49,50,23,1,0,48,42,46,12,37,24,18,44,16,6,0.26666666666666666
36,47,27,16,6,10,7,3,44,22,29,21,42,46,20,28,32,1,12,0,0.35
41,22,12,9,1,0,43,2,42,11,50,16,44,5,20,14,49,38,45,19,0.425
25,33,32,6,30,43,36,1,8,23,47,19,9,41,27,44,18,24,3,0,0.24166666666666667
46,45,6,41,23,12,4,8,25,47,22,9,24,36,42,37,0,18,33,17,0.2
5,13,29,30,40,25,3,0,16,31,39,47,36,1,33,32,49,24,37,43,0.25833333333333336
12,19,29,50,44,11,27,40,25,48,47,37,15,3,20,30,1,46,45,23,0.3416666666666667
37,4,27,20,0,47,17,22,18,26,21,43,41,39,49,23,12,7,48,8,0.31666666666666665
45,41,44,3,30,13,31,9,35,1,17,38,5,2,46,18,21,12,20,22,0.3
44,1,11,20,9,42,12,24,13,50,16,41,29,19,6,26,48,28,4,10,0.38333333333333336
22,6,33,41,32,25,12,16,23,47,19,15,2,36,24,29,49,3,38,14,0.225
42,39,23,13,50,1,24,11,17,26,6,9,37,7,10,32,14,2,38,5,0.31666666666666665
26,28,34,42,30,1,18,14,49,13,37,27,19,10,33,41,16,21,48,23,0.3333333333333333
31,6,33,19,24,49,47,38,20,22,1,0,11,29,46,17,32,40,23,5,0.35833333333333334
28,14,37,33,39,38,19,2,27,3,25,26,32,44,4,18,34,6,0,17,0.25
12,27,9,43,37,44,45,25,14,28,49,40,39,8,47,35,13,29,50,2,0.275
22,45,29,12,40,14,4,8,31,7,33,17,13,25,18,42,3,20,21,44,0.3416666666666667
49,39,0,8,33,16,2,36,21,24,46,40,35,34,42,13,20,12,41,22,0.20833333333333334
41,31,37,49,47,38,9,50,13,1,10,21,17,4,30,0,44,6,48,8,0.2833333333333333
13,6,28,33,50,31,38,42,9,2,25,39,29,40,15,3,37,0,10,47,0.3
46,8,29,5,40,32,2,38,25,28,4,39,45,42,23,14,47,13,16,9,0.18333333333333332
50,7,46,42,22,49,40,29,24,26,14,6,30,27,9,31,37,1,36,2,0.36666666666666664
37,42,21,50,4,3,29,39,16,34,26,15,46,10,44,43,40,19,36,38,0.25833333333333336
38,4,37,19,11,29,8,2,7,47,24,40,17,34,42,0,39,12,36,20,0.31666666666666665
44,21,2,12,48,35,31,33,10,27,30,47,45,20,14,42,50,32,6,29,0.38333333333333336
44,15,26,27,21,34,42,37,50,2,47,45,48,39,30,31,14,38,25,1,0.4083333333333333
27,21,44,41,49,29,14,32,25,7,9,46,16,40,6,0,28,48,34,45,0.20833333333333334
42,2,49,33,34,22,48,46,23,24,38,11,28,16,3,0,41,4,6,37,0.325
47,32,38,16,12,42,15,25,7,44,20,24,23,10,6,41,29,31,18,26,0.225
11,28,9,14,25,2,16,41,4,26,49,15,35,13,43,33,3,42,7,23,0.30833333333333335
1,31,50,0,9,7,4,43,49,25,44,33,35,17,24,45,39,8,23,3,0.25833333333333336
42,14,18,46,0,49,30,20,1,11,40,22,4,45,5,10,29,31,13,26,0.425
22,0,40,26,11,18,9,14,16,48,38,37,29,31,50,19,35,7,44,27,0.3333333333333333
32,41,22,47,30,16,27,23,34,49,35,40,20,24,36,45,15,19,14,6,0.31666666666666665
38,33,45,6,44,17,46,20,43,50,37,47,32,49,3,39,1,14,27,11,0.375
0,32,35,3,2,21,16,11,50,47,49,28,31,7,44,5,23,19,22,27,0.325
41,38,50,19,31,40,16,48,5,8,10,35,11,6,34,33,7,12,13,37,0.38333333333333336
5,45,35,33,1,39,29,49,14,47,9,43,22,6,2,30,21,17,40,3,0.35
23,7,44,49,34,48,32,37,9,39,5,20,35,4,28,33,27,19,0,30,0.21666666666666667
17,6,43,45,3,18,24,47,42,15,40,46,5,16,1,10,38,37,25,48,0.275
14,23,3,38,36,15,0,8,27,46,48,2,31,28,37,43,18,22,6,7,0.25833333333333336
2,36,23,50,17,41,20,27,10,22,35,28,19,34,47,24,25,11,4,33,0.35
5,31,43,16,4,37,18,24,28,46,10,45,39,9,29,33,44,15,49,40,0.19166666666666668
42,2,14,27,49,16,11,33,30,22,20,6,26,0,18,9,34,40,46,47,0.4583333333333333
4,23,38,43,32,48,39,44,17,7,9,29,49,18,0,11,26,34,19,5,0.23333333333333334
37,10,49,16,14,7,33,26,31,27,45,36,23,24,32,5,41,29,44,9,0.23333333333333334
23,34,40,16,27,5,35,45,8,19,43,28,30,22,39,37,36,41,6,0,0.23333333333333334
14,36,4,31,49,48,13,9,35,41,16,5,38,15,30,23,2,39,0,37,0.19166666666666668
17,42,30,3,9,50,14,18,23,26,48,1,19,24,37,22,41,39,36,5,0.325
39,45,15,26,46,48,10,31,30,42,32,41,50,44,4,14,33,38,34,13,0.4583333333333333
35,11,32,44,2,39,23,20,13,22,18,19,38,41,7,6,12,17,31,24,0.18333333333333332
24,28,15,17,27,47,38,5,3,14,12,43,0,2,8,39,41,26,36,11,0.30833333333333335
45,31,10,24,20,15,13,11,37,48,29,2,16,18,38,40,8,7,23,47,0.2833333333333333
41,28,20,40,31,29,19,30,37,4,18,21,47,49,36,0,22,34,33,45,0.3
30,19,23,42,35,21,26,38,31,37,44,27,50,48,20,18,4,45,11,10,0.35833333333333334
14,22,4,21,35,7,20,15,19,31,5,9,34,39,32,41,17,29,16,18,0.2
34,32,14,28,4,17,7,8,37,39,23,43,47,9,49,19,38,11,44,33,0.19166666666666668
37,10,7,42,27,22,2,36,5,21,3,4,15,48,9,35,8,32,29,45,0.25
16,4,49,28,17,9,37,18,43,25,5,3,41,48,6,24,22,26,19,1,0.15833333333333333
32,9,35,24,20,43,2,12,39,49,23,5,37,16,19,15,31,29,11,3,0.26666666666666666
22,9,25,18,17,4,34,5,28,32,13,48,33,30,26,20,44,36,24,14,0.35833333333333334
15,1,11,39,16,44,41,43,7,28,0,45,6,25,26,32,33,49,48,38,0.25833333333333336
25,30,14,50,6,48,40,33,35,17,1,18,20,31,38,12,45,46,42,13,0.38333333333333336
46,0,23,43,49,10,2,12,9,37,8,32,41,4,17,22,45,26,35,42,0.35
25,39,1,31,21,17,7,14,38,28,0,43,42,29,41,45,48,49,33,24,0.24166666666666667
31,43,34,7,28,4,42,16,11,9,3,22,10,49,41,48,32,24,12,13,0.4666666666666667
31,23,49,32,28,42,25,27,44,18,26,47,3,20,35,13,40,29,6,1,0.26666666666666666
18,44,23,4,14,29,0,7,3,26,12,2,40,1,20,49,30,42,34,35,0.35833333333333334
12,4,41,48,35,18,37,29,8,27,10,30,20,44,45,11,7,14,33,36,0.3333333333333333
4,28,44,35,47,5,10,50,29,31,3,18,45,49,38,48,15,23,19,26,0.23333333333333334
25,35,5,6,1,23,42,44,11,8,37,13,31,33,7,30,21,22,47,39,0.35833333333333334
33,48,1,0,7,47,49,17,22,6,10,38,35,41,30,4,24,11,44,16,0.275
43,6,48,26,40,22,49,28,9,8,31,30,42,14,37,33,15,5,36,1,0.4166666666666667
9,2,7,16,46,20,30,13,24,29,8,28,1,35,32,48,33,22,11,49,0.325
8,21,16,12,38,22,43,33,45,24,9,26,10,5,6,48,42,41,46,4,0.2916666666666667
33,41,26,18,16,31,24,30,8,45,44,3,7,50,22,48,11,14,36,10,0.475
28,0,4,40,41,21,45,32,7,50,1,13,48,2,17,26,18,23,33,20,0.325
17,15,32,4,16,3,11,33,19,13,28,2,49,37,38,27,20,42,6,30,0.20833333333333334
40,8,18,43,1,48,44,35,16,41,24,21,6,17,47,38,28,29,2,30,0.2833333333333333
15,37,24,41,48,18,29,38,9,14,22,16,45,44,23,3,28,19,42,21,0.25
8,36,11,44,28,38,35,5,47,32,20,0,7,37,39,49,17,40,30,27,0.31666666666666665
1,4,49,50,6,34,30,13,16,48,44,14,36,26,40,21,39,10,45,20,0.25
0,44,12,19,1,25,27,16,46,17,3,14,5,13,49,43,18,50,6,21,0.275
49,6,19,15,24,44,31,22,25,29,38,4,43,36,45,37,35,13,39,46,0.2
13,38,3,8,18,42,15,37,16,1,40,34,33,36,30,49,5,32,25,22,0.275
6,7,34,32,46,47,48,37,1,5,18,25,27,33,29,35,36,44,0,2,0.2916666666666667
11,13,6,38,40,30,37,34,17,33,36,35,8,10,42,7,9,21,16,39,0.43333333333333335
40,4,20,33,47,13,23,1,9,8,19,21,43,12,27,41,11,0,44,10,0.4083333333333333
40,36,32,48,49,33,18,50,9,41,15,22,3,13,34,19,30,4,43,21,0.3
43,45,35,16,13,46,36,44,33,9,6,21,8,17,25,12,11,14,32,10,0.3416666666666667
1,26,25,27,40,43,46,6,39,9,10,0,33,42,13,22,38,34,45,35,0.35
23,14,50,25,15,24,13,43,10,29,33,28,2,46,41,12,5,19,42,47,0.24166666666666667
23,46,4,34,28,6,43,17,13,18,44,8,49,21,0,27,32,37,16,15,0.18333333333333332
7,33,44,11,29,23,30,43,18,17,50,35,22,24,20,0,42,3,39,16,0.4166666666666667
5,2,39,22,49,44,32,50,43,38,0,37,3,6,13,46,14,33,10,36,0.26666666666666666
1,13,34,17,12,26,27,25,15,39,11,33,36,37,23,31,38,14,41,6,0.425
4,26,5,24,8,41,25,42,19,33,37,27,31,49,23,46,32,0,47,13,0.2833333333333333
2,12,21,15,49,36,45,6,38,32,47,3,7,4,23,24,29,1,18,50,0.25833333333333336
0,28,5,30,16,47,40,41,3,27,49,9,14,12,4,50,2,10,42,1,0.25
10,44,33,4,30,48,35,2,47,17,32,0,5,23,13,37,18,49,21,16,0.31666666666666665
11,9,6,7,21,48,28,30,45,47,13,18,42,26,10,15,41,12,24,50,0.35
40,24,30,13,6,35,39,43,17,50,44,3,0,4,27,22,46,25,41,1,0.325
27,45,18,35,39,25,5,22,7,48,21,8,42,34,40,50,19,17,28,41,0.275
26,36,32,47,16,20,15,5,13,22,48,0,18,8,4,40,24,46,6,21,0.31666666666666665
47,14,9,44,25,5,10,36,45,12,33,1,26,48,46,4,11,38,40,35,0.39166666666666666
13,31,5,15,30,6,37,24,1,40,8,10,9,44,35,32,12,33,20,2,0.35833333333333334
22,15,1,25,35,40,18,27,2,32,0,11,16,39,50,5,31,23,8,9,0.4
9,7,5,38,20,4,25,39,22,14,32,35,16,43,41,18,23,19,3,28,0.21666666666666667
22,13,1,7,5,26,6,12,25,20,35,24,48,23,10,44,15,21,17,47,0.325
45,21,15,14,11,39,44,31,3,29,24,20,41,38,8,18,1,46,49,6,0.225
12,18,13,4,36,11,27,24,31,34,35,6,10,0,38,2,50,44,8,15,0.35833333333333334
4,30,43,32,36,34,24,26,21,33,47,18,20,13,9,28,1,0,38,45,0.35833333333333334
48,44,15,50,43,16,47,9,14,4,30,40,10,22,32,27,12,19,17,24,0.35
43,33,2,4,3,1,36,23,17,30,39,26,40,27,18,10,37,42,9,15,0.375
39,21,49,34,27,50,10,44,14,43,8,33,6,25,41,11,29,48,2,22,0.30833333333333335
35,18,3,16,22,7,44,46,26,45,27,24,39,33,23,42,5,13,14,8,0.30833333333333335
30,36,9,46,49,33,13,26,15,44,6,12,4,43,35,39,34,27,19,28,0.2916666666666667
39,17,49,0,46,24,26,41,4,37,25,8,15,16,40,10,11,21,43,22,0.325
30,35,24,6,19,22,37,41,27,44,34,31,15,20,13,36,8,14,49,7,0.2
45,25,40,10,8,17,37,20,41,13,2,33,39,22,43,19,0,47,31,4,0.3416666666666667
14,35,25,12,44,10,42,38,20,32,0,21,22,5,40,17,8,34,46,24,0.3
25,49,34,32,48,43,3,42,13,12,7,0,28,15,30,14,16,33,23,20,0.35
3,6,7,1,13,34,43,30,46,42,0,27,25,44,37,50,26,18,11,8,0.30833333333333335
20,10,49,46,42,4,7,34,2,27,22,8,0,36,6,26,48,21,38,33,0.325
23,45,2,3,46,14,43,12,41,30,11,39,4,49,35,5,33,31,48,6,0.45
8,25,42,46,30,15,22,16,17,35,14,1,11,26,29,7,48,24,19,34,0.23333333333333334
36,45,35,14,49,3,28,1,30,32,20,9,15,23,2,8,31,50,27,17,0.425
50,41,14,2,30,20,49,6,38,43,44,7,27,35,34,15,19,39,3,13,0.31666666666666665
25,34,39,43,45,31,50,37,13,41,10,7,16,12,48,9,6,3,2,32,0.3
42,21,25,18,44,48,38,45,7,1,33,12,40,49,17,16,14,10,46,5,0.25833333333333336
2,47,45,41,22,49,23,18,20,14,10,35,8,37,39,4,9,36,0,3,0.2916666666666667
40,12,48,16,2,4,1,41,25,10,22,43,3,19,13,32,15,31,46,39,0.38333333333333336
19,31,38,7,30,26,43,37,45,28,10,39,6,24,0,17,44,23,36,20,0.30833333333333335
16,2,42,12,15,39,13,50,8,47,4,21,28,26,40,14,24,33,11,30,0.4
48,28,20,7,14,19,18,21,37,45,36,16,15,5,1,30,26,23,0,8,0.35833333333333334
49,9,5,13,31,46,23,30,38,8,15,1,48,16,21,20,47,4,11,12,0.38333333333333336
5,15,26,45,20,13,35,22,0,4,44,42,49,24,40,6,14,2,43,11,0.3416666666666667
12,30,48,28,2,45,10,8,31,42,1,19,35,16,27,46,15,49,50,21,0.30833333333333335
28,10,46,44,30,20,43,19,47,8,3,22,37,11,0,5,29,39,17,33,0.35
34,11,30,2,22,27,24,8,19,33,36,18,48,29,5,0,46,10,3,38,0.3416666666666667
27,11,9,34,43,17,12,4,37,31,48,5,6,18,39,19,22,13,30,41,0.2
9,39,15,47,37,48,17,6,41,8,14,21,26,49,12,36,24,5,4,27,0.23333333333333334
3,35,36,17,15,43,10,28,49,24,31,1,14,40,46,38,50,19,12,0,0.30833333333333335
26,31,6,18,11,4,29,23,0,36,32,27,13,38,21,45,2,7,43,17,0.225
31,33,34,12,23,22,29,42,27,40,24,1,26,32,37,6,36,2,8,39,0.325
0,35,38,34,11,31,12,16,48,29,25,15,9,42,23,28,26,27,46,22,0.325
36,25,2,27,42,38,46,6,28,48,10,34,31,21,3,49,20,43,47,8,0.2916666666666667
37,43,14,45,36,49,38,42,0,21,47,8,3,30,18,41,6,12,2,27,0.30833333333333335
10,5,13,2,26,49,42,14,8,36,27,32,34,35,6,40,31,25,21,19,0.3
24,2,18,22,13,49,43,41,28,5,1,17,7,8,0,50,15,25,48,26,0.3
45,43,21,47,50,7,1,32,16,36,10,38,6,9,40,15,3,18,13,42,0.2916666666666667
44,10,34,5,22,41,50,19,42,2,25,31,48,3,18,36,39,6,21,29,0.375
5,28,33,38,32,44,31,1,41,20,29,30,40,18,45,16,47,15,7,42,0.25833333333333336
25,39,3,30,22,28,46,2,17,35,20,9,16,44,1,38,41,4,36,29,0.30833333333333335
4,22,18,42,40,8,39,46,20,6,0,43,11,12,28,29,26,15,1,16,0.3333333333333333
9,28,25,40,35,7,4,14,44,10,27,50,37,24,19,45,49,2,38,8,0.175
48,11,1,7,3,2,44,14,49,39,8,17,26,23,45,32,42,43,46,13,0.35
7,35,10,44,46,47,3,17,37,42,23,22,29,26,5,11,24,43,12,33,0.325
13,35,23,39,2,9,22,50,48,21,38,19,18,45,46,27,10,41,8,3,0.2916666666666667
22,30,26,25,15,1,41,38,12,16,11,36,5,9,24,23,33,19,18,32,0.325
36,38,11,37,3,40,45,31,2,25,0,18,1,50,42,4,41,27,43,30,0.36666666666666664
13,40,11,19,15,0,28,6,24,31,17,42,27,39,10,44,1,5,22,29,0.44166666666666665
6,21,42,13,7,38,50,34,30,40,12,27,41,16,1,35,3,29,2,36,0.30833333333333335
24,39,40,47,13,45,36,33,2,46,26,7,37,43,31,1,32,19,38,49,0.2916666666666667
24,25,38,3,26,21,18,50,13,11,36,27,48,7,32,47,31,40,6,5,0.35833333333333334
9,41,24,20,23,28,45,4,38,31,7,37,6,13,40,19,18,42,5,29,0.175
15,48,16,10,26,13,27,28,2,50,23,38,7,11,44,1,30,33,19,31,0.35
4,15,44,1,3,8,25,38,9,16,23,33,34,7,47,40,43,13,37,30,0.2
20,38,47,43,17,30,37,45,3,28,6,36,9,16,40,7,5,35,44,8,0.2833333333333333
22,9,3,4,39,25,30,42,33,31,28,16,48,26,29,32,20,43,47,50,0.38333333333333336
34,46,1,6,19,36,48,10,33,3,21,38,4,2,24,42,40,20,45,37,0.3333333333333333
1,43,37,3,17,26,16,0,27,41,22,28,23,20,48,9,49,36,2,30,0.38333333333333336
26,40,8,46,29,42,39,22,44,12,13,38,17,25,4,18,24,32,14,37,0.25833333333333336
25,15,43,17,27,48,42,44,36,4,24,8,19,38,35,50,2,13,6,41,0.15833333333333333
46,11,5,34,28,31,7,3,14,47,2,30,17,8,37,40,49,42,10,13,0.31666666666666665
5,8,39,49,30,40,11,25,23,24,9,41,48,6,16,33,19,22,35,18,0.31666666666666665
24,20,19,0,8,49,2,22,29,4,32,39,34,36,42,50,9,23,25,35,0.225
34,23,20,16,29,3,41,43,2,22,28,38,50,32,0,48,24,5,7,45,0.15833333333333333
5,47,38,48,28,33,4,32,45,26,15,13,10,35,9,12,23,49,42,46,0.25
8,29,26,20,39,50,40,4,13,2,21,30,0,31,22,1,43,15,28,34,0.45
44,37,46,22,10,25,0,32,12,13,18,8,21,14,40,17,3,6,19,11,0.325
20,42,46,7,43,11,24,41,47,39,5,9,38,17,21,45,33,34,32,50,0.325
38,10,47,8,2,43,1,21,27,41,29,20,7,50,35,18,24,26,6,14,0.4083333333333333
38,10,1,42,29,24,8,7,30,35,26,32,46,39,40,25,27,4,17,45,0.275
6,35,5,21,19,44,27,2,47,15,1,38,9,30,42,11,43,41,3,28,0.31666666666666665
24,50,49,2,35,0,34,47,39,42,36,21,20,32,5,46,10,17,30,9,0.30833333333333335
49,41,0,38,21,6,7,34,16,4,32,42,47,27,2,29,1,9,30,43,0.2833333333333333
41,45,35,47,29,28,21,40,36,6,3,42,19,17,43,37,1,44,7,50,0.2833333333333333
50,5,22,3,43,24,16,44,38,48,26,11,0,31,9,6,37,13,41,12,0.3
23,50,29,16,33,8,9,34,15,37,4,7,5,24,14,41,28,1,46,43,0.23333333333333334
18,27,3,24,29,38,14,4,11,44,41,45,43,16,30,9,17,39,48,12,0.3
20,30,22,12,16,36,27,50,33,15,9,43,35,31,1,46,40,10,49,45,0.4
16,26,9,43,29,18,42,39,50,49,35,8,14,45,7,33,27,3,13,24,0.30833333333333335
13,34,38,4,2,40,45,26,23,24,12,21,22,6,31,10,33,48,49,28,0.35833333333333334
46,21,14,29,50,12,35,27,44,40,17,3,33,7,41,47,25,2,45,23,0.31666666666666665
4,31,26,17,11,18,39,12,45,37,47,35,44,14,48,16,43,34,27,46,0.2916666666666667
31,22,32,24,49,47,27,25,36,41,26,0,2,20,44,12,50,23,21,38,0.3
8,46,35,49,17,34,14,30,6,25,36,19,32,47,41,23,15,3,42,20,0.21666666666666667
48,32,45,9,29,1,26,28,30,11,16,13,38,7,18,4,49,23,25,35,0.25
6,21,7,46,31,4,33,24,28,23,48,13,18,25,22,49,14,1,3,2,0.36666666666666664
13,6,42,3,33,19,10,40,38,14,35,49,41,29,18,20,7,47,34,48,0.3416666666666667
37,48,30,43,14,49,7,21,50,22,47,33,32,17,20,3,18,16,19,45,0.35
4,45,32,13,0,31,39,41,5,46,36,27,15,43,33,24,14,23,8,29,0.275
46,25,12,45,33,21,28,32,3,49,22,5,40,18,48,16,10,23,31,36,0.31666666666666665
18,39,23,37,46,50,16,10,0,27,29,40,35,6,17,12,32,48,15,22,0.39166666666666666
45,26,44,20,49,23,13,32,3,6,28,40,22,19,37,43,48,47,16,12,0.25833333333333336
18,28,32,24,44,19,1,5,25,0,50,48,23,4,39,49,37,12,2,41,0.26666666666666666
13,22,27,49,19,17,39,23,1,28,3,45,25,33,34,42,11,46,37,12,0.325
27,19,36,21,35,20,17,49,15,32,16,25,18,5,9,8,2,38,13,47,0.19166666666666668
11,7,16,42,33,24,17,15,23,14,25,35,29,26,40,50,20,49,47,18,0.3416666666666667
36,4,45,43,48,16,30,1,9,35,2,32,49,19,12,17,0,10,47,7,0.325
33,19,5,45,7,14,34,40,13,8,16,15,21,48,44,41,29,26,18,24,0.31666666666666665
16,7,38,46,45,8,24,28,34,11,35,6,49,37,14,44,36,39,5,30,0.20833333333333334
47,31,40,15,28,38,49,13,35,10,30,46,18,12,0,45,24,27,50,25,0.35
12,16,33,3,31,14,32,44,21,36,29,18,4,49,43,10,5,42,1,45,0.325
24,42,30,7,41,1,20,4,0,8,19,27,26,46,28,35,33,49,44,12,0.36666666666666664
18,1,7,27,17,37,24,0,36,25,32,35,5,42,26,31,10,2,14,16,0.2916666666666667
37,20,43,39,50,14,4,38,33,3,12,29,18,10,42,49,28,27,7,8,0.3333333333333333
34,45,20,29,42,19,18,47,50,49,2,14,24,6,36,44,25,22,30,13,0.30833333333333335
0,34,6,33,14,29,32,31,4,40,48,12,42,21,13,7,39,19,23,47,0.36666666666666664
12,41,18,36,37,5,35,20,11,22,10,27,19,6,49,14,48,25,16,40,0.38333333333333336
15,9,20,43,33,47,41,37,14,26,48,25,19,38,2,30,22,39,8,29,0.3
9,34,13,19,42,44,6,45,47,26,18,35,4,49,30,48,28,40,37,24,0.25833333333333336
30,32,36,45,15,43,37,49,42,29,28,14,21,13,22,31,2,20,50,35,0.375
27,2,0,33,10,22,46,15,8,16,35,20,29,31,37,1,42,13,38,11,0.475
30,24,22,15,10,9,13,40,31,27,12,32,5,28,8,2,14,16,25,44,0.2833333333333333
16,19,42,8,48,7,10,29,44,21,20,0,37,3,45,18,6,39,11,24,0.21666666666666667
49,26,19,31,45,24,10,9,11,27,0,33,2,18,8,30,16,36,5,46,0.375
41,11,42,50,23,6,10,13,34,49,39,37,26,9,46,14,44,48,43,31,0.3333333333333333
23,34,50,16,26,20,6,37,27,7,12,45,30,21,17,44,13,8,10,11,0.3333333333333333
23,15,48,36,50,6,8,22,7,40,3,34,10,45,27,33,21,28,13,32,0.3416666666666667
7,50,37,17,39,6,10,31,32,1,11,21,46,0,15,29,9,12,49,34,0.35833333333333334
23,36,46,1,10,0,44,18,29,5,42,34,45,14,9,19,40,20,3,4,0.26666666666666666
15,6,48,11,1,47,2,19,45,46,10,40,38,25,13,14,26,3,37,31,0.325
14,48,0,24,27,10,28,3,33,11,30,39,42,6,37,43,19,36,49,4,0.36666666666666664
19,21,31,16,34,14,5,3,36,50,38,15,22,9,40,32,13,48,26,7,0.275
17,19,39,36,27,26,31,23,37,12,50,24,41,20,14,44,25,2,46,40,0.4666666666666667
25,1,29,34,22,20,45,32,41,8,4,6,38,10,19,11,3,0,23,14,0.30833333333333335
40,35,23,47,38,45,32,37,36,14,31,30,42,24,21,29,0,6,8,9,0.25833333333333336
19,3,11,32,18,14,35,50,6,24,26,10,49,2,4,38,9,12,25,36,0.275
5,28,34,3,37,46,42,20,50,47,25,17,2,26,24,0,15,21,7,19,0.39166666666666666
48,1,0,9,43,42,19,11,40,47,20,17,35,7,49,34,4,38,31,14,0.2916666666666667
28,14,16,31,40,35,1,6,48,5,42,7,27,49,18,46,0,37,32,11,0.325
47,14,49,12,18,50,8,2,10,17,45,16,3,25,38,32,26,48,6,21,0.38333333333333336
42,33,35,50,43,1,49,29,26,19,21,5,2,15,48,23,4,32,24,47,0.39166666666666666
25,19,49,38,11,3,46,10,35,26,43,27,18,39,37,14,9,45,23,44,0.24166666666666667
48,24,6,40,41,11,22,37,0,20,31,18,35,19,27,50,3,36,44,9,0.24166666666666667
16,38,25,28,49,26,18,31,33,36,30,12,29,46,39,17,5,8,37,3,0.25833333333333336
6,1,42,30,32,31,45,15,9,8,43,39,33,50,35,11,12,16,0,2,0.38333333333333336
8,46,24,3,50,17,45,38,11,18,41,34,29,4,12,47,32,26,22,2,0.31666666666666665
9,18,7,48,34,40,45,20,35,3,24,8,32,12,10,25,30,36,29,6,0.25
35,17,22,4,18,40,19,5,26,27,30,20,39,46,13,32,2,8,25,12,0.275
13,44,43,14,29,2,11,25,9,12,0,39,17,15,42,1,30,8,22,37,0.35
7,32,26,5,9,50,47,43,1,15,10,6,12,31,33,2,40,11,42,34,0.425
42,31,16,30,35,24,28,1,25,20,29,43,18,47,37,49,15,23,32,0,0.48333333333333334
44,50,22,11,42,10,41,29,4,45,17,37,36,35,14,39,20,23,9,49,0.24166666666666667
28,10,43,29,45,18,32,47,33,9,11,15,41,39,0,23,50,35,27,17,0.275
16,12,6,9,3,31,34,40,35,1,29,49,43,26,47,41,39,14,27,19,0.175
44,22,12,11,49,8,36,26,19,38,4,0,48,16,29,37,5,32,34,35,0.31666666666666665
12,41,10,44,17,25,31,50,24,1,0,26,22,48,3,11,49,43,14,27,0.35833333333333334
41,29,16,2,17,32,21,11,31,26,18,10,9,44,23,13,38,8,43,25,0.2916666666666667
23,5,46,9,26,0,2,7,13,25,31,12,24,33,47,35,45,16,6,34,0.26666666666666666
7,4,0,18,38,39,21,23,13,46,34,42,20,19,10,31,22,24,29,11,0.4083333333333333
37,0,27,26,2,8,35,39,43,29,12,38,42,31,23,13,41,50,40,36,0.26666666666666666
41,21,2,48,26,0,7,22,40,28,38,9,39,49,44,24,31,8,5,1,0.3
49,46,39,25,17,22,42,19,35,47,23,18,20,7,28,38,34,24,36,16,0.21666666666666667
14,39,36,27,35,26,46,20,41,48,23,12,19,49,33,6,43,29,15,45,0.2916666666666667
45,32,27,38,35,11,40,17,1,29,9,19,34,43,8,47,28,31,48,2,0.35833333333333334
18,4,21,12,40,31,5,28,48,24,6,20,32,17,22,2,45,44,33,42,0.19166666666666668
27,35,2,42,26,49,14,4,38,7,47,28,29,33,0,15,17,5,6,8,0.2
4,13,26,28,7,12,38,49,45,16,5,46,18,35,8,15,44,0,24,34,0.31666666666666665
39,13,26,12,44,3,15,28,17,20,23,30,34,11,45,0,21,1,18,5,0.3333333333333333
2,9,4,6,42,10,1,22,13,43,18,25,20,33,38,39,11,37,15,45,0.31666666666666665
19,47,35,46,32,26,16,39,27,22,25,4,29,36,11,13,49,42,10,20,0.3
41,10,9,37,5,48,19,27,38,22,11,6,47,7,17,35,36,43,8,49,0.30833333333333335
17,25,23,38,49,13,40,28,2,34,10,8,39,41,43,26,44,24,16,31,0.30833333333333335
4,47,46,10,21,36,29,30,49,50,19,48,25,8,39,24,16,20,15,7,0.375
46,12,31,35,13,5,19,41,38,36,1,24,29,9,0,30,49,39,48,43,0.3333333333333333
11,49,23,17,2,4,7,27,26,18,10,30,16,39,6,50,24,33,45,36,0.375
14,17,38,47,18,16,32,21,24,43,34,46,6,4,50,3,49,35,41,5,0.275
12,13,2,39,47,16,3,29,5,37,40,6,23,19,15,43,9,1,41,48,0.36666666666666664
42,48,18,8,24,12,7,44,16,49,4,46,5,13,43,30,29,27,50,34,0.31666666666666665
48,37,23,13,40,0,11,3,15,30,38,27,28,33,18,5,47,6,44,20,0.39166666666666666
3,1,29,33,36,25,34,47,39,15,6,4,30,44,27,24,8,17,31,16,0.325
46,41,12,18,30,16,47,50,6,4,43,44,15,29,35,48,9,40,8,14,0.225
18,8,1,22,32,41,35,47,50,43,48,3,36,19,21,49,13,26,34,37,0.31666666666666665
19,16,26,17,14,44,31,45,37,40,4,9,36,10,46,24,29,27,30,8,0.275
4,11,24,39,40,14,8,12,30,34,33,10,6,27,5,29,17,15,42,38,0.2833333333333333
20,9,18,29,17,41,40,15,1,14,44,28,13,16,8,27,35,33,37,47,0.38333333333333336
31,5,46,27,18,26,14,13,11,1,20,8,3,19,49,9,40,36,42,44,0.475
13,42,27,1,12,24,9,8,41,18,16,0,39,19,38,40,30,46,33,32,0.3
48,33,13,34,43,5,41,4,8,10,50,14,46,26,11,15,32,18,29,23,0.2916666666666667
19,16,2,13,23,1,50,34,21,43,37,28,3,47,14,33,44,4,27,22,0.35
38,25,32,50,30,13,19,45,36,22,3,33,2,4,16,17,1,8,27,7,0.35833333333333334
5,11,39,14,19,2,15,34,3,17,49,32,33,45,36,25,4,42,27,50,0.2833333333333333
46,14,16,12,45,32,15,4,22,9,42,29,34,50,18,3,8,23,35,25,0.26666666666666666
17,36,45,39,8,42,32,23,0,21,34,11,7,10,29,6,15,5,40,3,0.26666666666666666
25,23,50,0,17,6,15,39,29,27,33,38,14,37,30,42,28,41,35,3,0.275
34,16,21,10,28,37,20,26,47,27,8,36,33,11,40,6,4,13,3,35,0.3416666666666667
7,29,25,21,30,18,28,17,47,4,14,38,45,27,20,24,41,37,11,2,0.35833333333333334
22,47,49,14,10,31,4,39,9,8,43,46,40,44,21,45,6,33,15,13,0.30833333333333335
11,36,6,13,18,25,37,34,38,45,19,26,17,47,49,5,35,44,24,4,0.225
3,39,11,21,5,26,42,48,0,27,43,41,23,9,49,24,18,22,35,15,0.25
27,48,22,11,37,18,31,44,24,42,36,40,47,35,17,7,2,25,14,12,0.35833333333333334
50,8,36,4,11,7,41,25,10,22,28,33,1,5,43,15,21,3,18,46,0.275
24,6,17,39,20,22,15,16,12,43,37,47,26,32,1,3,4,2,13,42,0.325
13,23,1,4,11,2,41,37,25,36,26,0,7,19,50,39,22,29,16,45,0.25
30,44,0,29,33,35,39,36,5,14,46,47,7,6,8,15,11,18,20,37,0.30833333333333335
35,6,9,50,16,22,15,41,28,38,33,27,13,14,30,25,7,36,21,1,0.275
21,20,10,48,30,44,43,34,3,24,35,26,37,8,33,17,38,1,47,4,0.475
46,38,17,21,30,24,35,12,32,10,29,31,19,47,34,44,8,1,49,41,0.26666666666666666
44,17,39,20,47,5,21,32,23,3,8,41,31,30,12,1,0,22,42,9,0.3
9,19,41,18,7,48,32,27,42,4,17,6,10,24,36,47,1,38,30,29,0.25833333333333336
48,49,6,44,0,40,10,33,17,30,37,8,35,27,4,43,26,20,46,36,0.25
40,33,5,11,9,6,20,46,18,15,13,8,16,38,3,35,2,25,12,27,0.325
41,21,18,26,15,35,29,27,8,22,11,7,25,42,50,31,47,39,45,38,0.3333333333333333
50,22,3,37,9,19,10,14,25,38,1,16,11,29,48,49,5,39,41,17,0.35833333333333334
34,7,3,27,14,26,33,4,38,42,35,48,20,22,1,45,43,6,50,8,0.2916666666666667
50,5,15,36,3,16,20,37,13,9,8,19,18,14,31,32,7,46,12,27,0.3
24,31,0,21,32,7,37,29,15,42,50,43,33,41,49,39,34,38,44,18,0.19166666666666668
7,19,10,21,2,9,15,49,8,1,14,24,27,28,29,17,37,20,30,38,0.4666666666666667
17,31,33,49,19,21,20,10,6,11,26,37,29,23,39,36,22,30,41,25,0.4583333333333333
17,41,39,23,19,36,25,18,2,38,27,30,24,46,48,29,43,5,42,40,0.225
7,36,43,24,50,29,32,45,39,12,46,42,6,47,27,37,28,14,15,40,0.2833333333333333
31,37,43,6,18,14,22,15,49,26,34,12,13,35,50,38,33,4,27,28,0.325
44,50,31,47,18,6,29,5,15,20,39,4,1,24,37,36,27,23,16,11,0.3
10,41,27,50,6,37,42,22,49,40,23,31,25,13,45,46,8,44,24,30,0.23333333333333334
32,3,22,30,47,11,39,9,17,36,20,40,4,15,24,41,12,23,18,45,0.3416666666666667
21,9,11,46,49,42,6,12,48,2,34,3,8,40,24,33,44,19,16,45,0.35
30,12,25,46,24,31,28,37,19,22,27,50,23,48,2,11,49,3,17,34,0.375
42,8,12,10,41,33,46,24,0,31,34,45,22,3,44,36,35,49,40,11,0.36666666666666664
4,22,24,33,26,47,3,7,44,40,41,31,25,42,49,43,21,19,1,11,0.30833333333333335
34,22,6,36,33,12,0,26,20,2,5,39,9,32,29,8,37,44,50,40,0.30833333333333335
42,25,14,0,24,40,1,33,48,23,12,38,29,16,39,9,20,18,21,22,0.39166666666666666
12,27,4,43,2,36,24,0,25,11,37,14,50,10,46,28,44,3,20,5,0.375
5,23,43,14,48,49,15,46,39,31,11,16,32,17,41,34,45,13,12,30,0.4
50,46,6,20,40,10,0,5,26,21,23,35,24,18,7,9,1,30,4,19,0.35
1,18,3,9,7,33,21,38,37,46,23,10,50,22,28,0,30,43,31,32,0.275
46,42,16,39,24,41,13,22,11,15,10,0,2,17,28,12,43,30,44,21,0.35
43,45,7,29,1,44,4,27,12,2,24,26,23,35,49,16,34,41,11,40,0.3333333333333333
29,5,41,25,22,21,1,3,12,35,8,50,32,47,36,23,6,11,2,0,0.3333333333333333
16,34,6,19,30,28,40,42,12,25,21,17,44,31,45,26,29,39,11,41,0.31666666666666665
3,30,32,18,2,15,41,34,16,29,22,43,46,12,13,37,8,5,17,40,0.3416666666666667
20,7,21,18,3,46,23,15,8,11,31,44,4,0,2,24,43,1,35,39,0.3
33,22,19,32,3,28,20,8,18,40,29,6,49,27,15,37,45,2,38,25,0.3
36,22,24,37,23,3,8,2,43,18,7,28,0,14,44,45,33,46,29,32,0.25833333333333336
22,29,49,26,0,45,36,11,35,46,1,30,21,6,43,25,28,34,31,23,0.4583333333333333
23,7,15,37,10,14,6,36,9,26,5,20,48,0,4,17,47,18,11,30,0.26666666666666666
5,10,8,29,7,11,41,48,0,42,12,50,37,31,46,39,34,9,35,47,0.425
17,1,8,31,46,14,42,32,10,49,0,18,11,33,2,12,6,39,34,3,0.36666666666666664
31,41,13,19,25,32,35,34,9,28,46,0,18,42,36,15,23,20,33,39,0.31666666666666665
19,42,36,13,1,16,37,32,33,7,11,34,0,17,47,46,50,24,5,2,0.45
34,8,7,26,19,3,41,25,39,46,30,33,5,43,15,38,44,11,50,40,0.21666666666666667
0,17,49,22,35,9,45,13,46,43,37,21,29,50,18,12,32,15,47,31,0.3333333333333333
39,21,48,22,2,3,13,9,17,29,49,27,34,20,4,35,30,16,15,40,0.31666666666666665
22,46,32,8,44,25,50,42,5,3,14,26,13,38,15,43,41,27,40,34,0.26666666666666666
22,3,8,26,35,1,50,18,13,24,42,39,14,21,43,9,20,31,17,47,0.45
20,25,50,7,23,41,32,47,4,3,11,26,22,42,35,31,14,40,39,17,0.275
34,41,14,31,9,12,1,18,36,24,35,45,0,46,7,49,22,13,48,29,0.325
21,42,50,3,44,18,32,41,46,8,49,15,13,35,2,14,11,20,0,30,0.2916666666666667
8,26,16,19,17,41,33,48,12,30,18,7,40,9,14,45,50,11,5,2,0.35833333333333334
1,38,50,11,49,26,36,34,33,4,22,48,44,13,45,29,28,0,17,46,0.31666666666666665
50,2,7,29,23,19,20,46,15,40,22,36,13,32,8,41,30,35,6,28,0.2916666666666667
11,9,26,43,16,39,5,38,37,0,19,34,28,20,48,46,10,47,44,25,0.25833333333333336
1,38,34,50,19,12,8,35,2,15,17,45,24,36,7,32,28,40,39,16,0.21666666666666667
42,36,33,37,17,39,28,26,47,24,20,1,18,44,4,22,3,8,13,11,0.325
35,45,39,31,18,44,24,43,15,14,19,4,42,36,25,1,8,23,5,40,0.225
3,20,5,49,43,19,7,31,26,23,35,28,44,17,39,15,24,18,29,45,0.275
9,11,27,19,4,45,47,23,42,14,25,38,36,48,33,37,31,5,35,22,0.24166666666666667
44,23,46,49,32,31,35,8,12,29,14,25,19,1,7,43,48,10,11,22,0.36666666666666664
10,2,36,12,7,18,15,44,25,19,23,21,32,8,41,3,0,11,46,6,0.23333333333333334
30,38,44,10,32,26,46,42,8,19,41,20,1,21,3,5,14,11,4,12,0.4
25,5,23,50,30,29,48,1,36,49,41,43,2,13,31,0,9,47,37,21,0.325
27,44,25,37,32,39,45,14,13,29,34,31,43,4,47,30,3,50,15,12,0.2833333333333333
33,30,49,14,35,7,20,32,47,5,0,38,2,1,24,23,16,4,12,48,0.2833333333333333
0,12,48,50,43,32,1,37,11,34,41,31,13,14,28,22,45,7,29,27,0.36666666666666664
47,17,15,32,21,34,42,9,12,19,13,14,26,25,38,45,11,3,10,29,0.3416666666666667
6,30,42,3,23,5,48,18,16,41,32,15,44,47,43,12,27,45,35,40,0.225
18,37,12,35,28,39,34,36,9,43,1,5,27,4,8,41,29,16,22,25,0.35
41,46,31,9,3,11,5,28,33,6,47,37,24,7,13,23,0,38,14,49,0.2
43,38,31,47,11,19,18,10,39,48,14,17,21,25,23,35,6,15,40,37,0.24166666666666667
13,41,44,15,7,40,17,36,46,47,21,26,24,27,18,16,6,42,3,29,0.20833333333333334
50,11,2,3,6,25,31,23,8,12,18,9,7,19,29,22,44,35,33,1,0.325
0,49,25,24,21,11,5,32,14,20,28,15,1,13,29,36,7,50,16,3,0.35833333333333334
18,6,39,13,30,12,34,10,7,19,31,9,38,29,45,16,3,36,48,2,0.2833333333333333
0,34,26,45,32,19,9,33,40,17,46,41,49,25,8,15,48,36,4,16,0.26666666666666666
23,7,9,0,50,24,38,10,29,30,39,48,19,12,21,1,31,40,28,37,0.375
22,28,19,20,48,1,29,23,30,45,50,37,5,18,40,31,13,35,2,7,0.44166666666666665
2,19,32,27,49,0,18,12,11,41,42,40,16,8,9,5,50,13,24,48,0.30833333333333335
32,27,12,10,7,16,18,4,29,11,15,31,41,13,21,3,47,37,48,2,0.31666666666666665
50,46,17,40,27,5,49,37,7,25,33,13,41,45,30,38,42,32,19,2,0.30833333333333335
21,6,5,41,7,42,40,4,27,10,18,25,8,44,17,33,16,3,31,9,0.24166666666666667
26,15,45,21,42,6,39,27,11,38,34,4,47,17,20,5,35,10,13,50,0.36666666666666664
43,4,36,6,18,40,37,50,31,25,22,9,34,8,3,20,16,44,12,7,0.26666666666666666
32,22,27,49,8,50,31,1,44,15,12,25,9,28,29,4,48,3,43,23,0.25833333333333336
31,21,35,48,41,36,23,3,46,38,42,20,9,5,34,29,45,4,0,40,0.325
23,14,30,9,29,21,3,24,45,15,16,32,44,33,13,49,35,10,43,36,0.3
43,2,16,3,35,5,20,12,6,21,7,0,24,14,19,42,23,33,37,49,0.26666666666666666
39,28,45,4,9,0,47,31,27,25,30,46,6,23,48,43,34,49,14,5,0.21666666666666667
34,46,47,5,50,30,20,33,18,41,31,39,10,2,40,16,27,24,3,38,0.38333333333333336
41,26,22,38,13,33,40,46,31,1,48,20,28,8,21,37,44,45,30,14,0.375
40,3,19,2,13,46,48,44,36,17,9,0,27,5,38,4,16,49,32,30,0.2
23,40,19,16,21,44,41,4,28,15,2,12,27,20,37,48,25,36,6,26,0.31666666666666665
2,39,23,17,36,29,7,37,21,41,19,34,38,3,33,28,10,5,18,45,0.26666666666666666
32,22,30,45,50,5,43,29,33,34,11,16,26,49,28,1,40,2,3,6,0.39166666666666666
29,50,20,31,38,28,16,19,18,3,47,5,22,48,2,10,30,9,14,41,0.4083333333333333
22,15,6,18,14,2,32,42,48,26,9,29,13,4,46,28,20,21,34,10,0.275
49,39,42,5,25,17,43,45,3,28,22,18,21,26,37,10,29,34,31,16,0.26666666666666666
38,20,31,6,15,1,36,30,22,40,13,12,23,44,21,11,50,46,35,9,0.39166666666666666
40,43,19,20,45,34,46,2,25,23,24,11,6,22,32,37,42,38,26,29,0.2916666666666667
28,33,48,3,46,2,37,16,21,11,29,13,27,31,47,0,24,10,20,36,0.4166666666666667
32,8,27,18,14,17,10,29,3,25,24,16,31,11,44,40,49,37,15,42,0.2833333333333333
35,31,7,2,8,46,47,29,27,33,39,15,37,48,21,5,44,49,19,16,0.30833333333333335
6,9,41,37,15,23,5,10,30,4,11,18,22,17,12,3,33,36,0,34,0.3
34,49,13,47,2,22,9,43,4,0,16,8,44,38,41,7,15,32,26,37,0.2833333333333333
7,44,18,43,4,2,41,27,15,23,3,16,20,42,40,19,47,34,48,0,0.275
35,43,6,3,28,45,38,14,30,2,18,24,46,23,34,21,20,7,0,29,0.26666666666666666
49,41,45,12,24,7,20,46,40,3,22,50,2,33,9,11,34,17,39,1,0.4083333333333333
3,13,30,39,4,16,31,18,8,46,25,40,50,44,47,7,48,19,37,5,0.30833333333333335
14,4,39,13,8,0,32,10,46,35,1,20,50,30,38,21,26,40,5,22,0.38333333333333336
18,50,24,26,15,21,33,11,25,46,48,22,44,2,23,49,38,29,6,4,0.25833333333333336
6,47,11,42,19,20,48,24,46,8,4,32,36,3,13,17,5,45,14,27,0.38333333333333336
0,32,28,2,30,43,4,36,29,46,41,45,47,16,12,24,15,23,40,17,0.275
22,45,32,30,25,46,0,12,35,1,9,23,21,38,18,2,14,34,44,42,0.3
32,23,24,10,39,25,31,41,42,50,1,20,17,22,13,8,28,16,48,18,0.45
28,20,30,33,45,38,3,46,6,7,50,32,42,35,15,19,5,2,13,39,0.3416666666666667
17,14,46,7,26,30,43,35,34,11,15,39,44,25,22,50,47,10,23,37,0.4166666666666667
36,23,30,34,0,48,20,19,27,31,45,17,33,11,21,43,5,22,14,46,0.43333333333333335
29,20,44,48,41,4,17,38,47,23,50,11,28,3,40,22,30,19,32,13,0.31666666666666665
14,19,2,28,3,30,50,40,43,36,18,34,11,13,20,0,15,24,17,27,0.39166666666666666
15,25,8,30,32,45,19,48,7,13,16,46,49,4,23,44,47,35,31,11,0.2916666666666667
1,23,6,24,43,49,36,0,30,37,35,26,7,14,28,40,21,50,19,44,0.2833333333333333
45,3,36,4,1,15,16,9,39,7,30,31,44,20,19,17,13,21,27,40,0.30833333333333335
39,0,18,21,12,30,27,50,13,7,5,19,49,11,23,34,25,31,41,28,0.26666666666666666
25,23,8,42,0,21,39,22,29,27,28,5,11,16,41,45,47,17,13,6,0.25833333333333336
25,5,37,41,21,13,16,49,7,26,39,11,34,47,42,40,29,48,22,31,0.25833333333333336
30,22,23,3,43,2,36,6,28,5,13,42,32,25,21,49,26,8,7,45,0.275
28,33,39,5,20,8,31,30,21,3,47,14,18,22,29,6,50,49,27,23,0.275
39,25,44,21,24,28,31,6,36,15,5,32,8,4,19,0,48,26,49,13,0.24166666666666667
29,50,3,7,27,23,39,14,44,26,11,37,15,2,5,33,38,48,1,18,0.2916666666666667
26,30,29,24,7,50,13,18,11,3,47,17,28,6,19,9,44,22,39,4,0.26666666666666666
43,16,17,9,11,3,45,48,5,50,10,39,27,8,25,42,44,19,23,1,0.2833333333333333
15,4,20,36,33,28,17,22,19,47,41,12,6,0,37,32,49,48,30,39,0.3
35,14,17,20,8,24,27,12,41,6,25,1,42,7,28,46,34,11,2,32,0.48333333333333334
47,37,27,29,43,26,48,33,41,9,30,0,28,42,2,21,7,1,22,35,0.4083333333333333
44,29,36,30,14,38,41,8,22,47,46,25,24,26,50,9,4,34,16,2,0.25833333333333336
4,33,45,11,25,12,22,19,40,47,30,43,31,27,17,24,46,20,3,50,0.4583333333333333
16,48,29,27,13,45,18,2,46,5,0,22,7,4,30,23,21,1,6,37,0.2916666666666667
20,3,6,43,23,13,28,8,39,25,38,9,16,32,49,30,31,37,0,35,0.23333333333333334
35,47,3,42,5,40,46,19,14,10,4,33,24,30,37,2,21,7,27,32,0.375
35,32,26,25,29,20,40,7,8,30,31,6,18,19,49,48,21,41,9,11,0.3
8,21,7,3,49,14,33,44,1,38,34,23,27,6,22,11,29,17,26,41,0.25833333333333336
27,1,32,40,8,46,16,41,19,33,25,10,17,0,9,29,38,48,34,7,0.31666666666666665
20,28,2,17,11,34,12,38,45,9,15,35,47,25,13,46,27,39,37,3,0.4
0,9,27,31,24,18,49,14,23,5,42,41,10,7,30,46,48,16,39,2,0.2916666666666667
12,24,42,1,47,35,25,2,18,38,37,32,29,20,31,50,39,27,26,14,0.4083333333333333
3,38,23,1,9,25,21,13,41,43,26,32,50,14,20,24,10,42,35,33,0.30833333333333335
5,41,48,6,24,40,46,17,27,15,20,19,2,29,14,30,35,10,34,7,0.3
20,49,18,31,46,30,48,41,29,4,40,17,6,36,42,27,28,10,33,11,0.4083333333333333
41,39,14,43,11,31,33,10,0,34,2,17,42,19,18,9,40,35,29,7,0.25833333333333336
12,36,35,3,48,30,25,47,6,37,43,29,0,4,11,9,19,14,49,44,0.3
6,18,26,0,17,34,43,44,37,2,32,33,29,9,45,12,21,27,30,31,0.3333333333333333
6,48,19,46,5,7,27,41,30,14,34,36,8,45,32,49,22,24,26,16,0.3
3,42,50,35,32,16,20,40,49,21,37,8,24,23,31,43,6,34,11,47,0.35833333333333334
49,12,48,31,32,4,47,2,36,23,17,21,3,43,14,45,16,15,11,44,0.45
22,3,26,8,18,33,14,46,9,27,44,35,47,31,48,13,43,0,15,41,0.36666666666666664
7,6,49,14,23,35,28,11,3,1,15,31,26,30,4,21,41,2,25,13,0.325
34,5,2,41,23,26,46,20,36,43,21,40,25,32,50,0,14,28,29,3,0.2916666666666667
50,24,33,47,30,5,8,2,1,49,6,43,14,12,23,3,4,19,44,29,0.2916666666666667
5,9,50,36,0,33,25,12,32,35,18,42,46,6,16,22,31,43,47,23,0.25
27,34,33,11,35,36,18,3,48,32,47,46,5,22,37,23,38,15,9,45,0.20833333333333334
48,29,9,28,45,41,19,13,38,32,7,26,4,16,35,42,6,30,11,8,0.225
42,11,38,34,50,39,46,1,4,21,13,32,3,44,27,6,41,10,23,47,0.2833333333333333
39,45,10,36,23,44,25,0,16,12,7,18,9,46,3,43,35,27,34,14,0.21666666666666667
26,35,1,27,30,34,14,16,33,37,21,7,29,5,42,20,2,45,10,13,0.45
30,39,20,16,21,10,41,24,14,3,35,42,5,12,37,8,40,1,36,18,0.35
8,26,2,45,16,17,18,1,20,23,43,25,6,35,11,39,41,22,21,5,0.3
15,48,44,3,9,21,19,46,33,4,6,24,39,49,7,10,17,26,1,47,0.31666666666666665
41,34,45,9,3,17,43,2,48,20,39,10,49,46,12,22,11,16,28,13,0.35833333333333334
22,25,38,48,11,3,26,43,23,17,1,16,10,35,13,44,12,40,7,32,0.375
5,27,11,15,4,3,39,25,50,18,19,12,49,24,30,14,42,29,7,1,0.30833333333333335
15,36,22,17,49,32,28,40,41,11,13,27,16,29,0,43,30,45,7,25,0.275
50,22,8,24,15,41,3,27,47,18,35,5,7,32,37,1,20,39,48,34,0.275
19,7,0,15,49,6,14,26,43,18,16,29,20,11,23,32,1,33,45,10,0.36666666666666664
10,2,12,27,36,38,20,32,4,14,48,25,16,15,3,19,26,40,28,18,0.2833333333333333
46,35,3,38,9,34,31,23,43,39,41,26,29,45,13,20,47,18,11,15,0.30833333333333335
4,12,20,26,41,13,43,28,11,25,32,46,21,48,49,45,50,17,36,42,0.35
35,16,36,2,39,5,32,38,37,13,10,45,18,47,46,42,28,22,1,49,0.23333333333333334
42,38,9,37,3,43,46,45,34,14,33,8,39,16,44,24,18,15,12,35,0.24166666666666667
39,13,6,26,18,10,46,32,44,35,30,17,22,20,28,43,8,40,41,12,0.38333333333333336
48,28,41,23,50,29,7,12,39,26,10,9,1,34,15,3,38,4,42,5,0.2916666666666667
44,6,14,9,35,30,40,24,32,38,46,10,1,29,11,31,23,20,5,13,0.45
34,27,38,20,10,46,11,9,18,5,3,37,19,32,15,41,31,24,23,35,0.25833333333333336
24,5,46,36,31,43,4,39,6,11,26,10,23,44,0,34,20,15,32,33,0.3
41,42,50,32,11,49,14,46,12,40,28,36,39,29,33,6,17,1,4,0,0.35833333333333334
5,10,33,44,18,2,1,27,49,0,23,21,42,47,7,28,9,46,24,36,0.275
24,48,31,19,1,30,27,16,13,5,12,33,32,42,0,4,17,34,22,46,0.35833333333333334
41,30,50,35,25,34,39,32,43,18,21,38,17,24,48,29,15,33,28,11,0.275
11,8,46,0,7,29,23,13,5,24,35,37,18,14,16,9,48,1,45,33,0.43333333333333335
10,42,4,13,22,25,5,32,45,47,9,39,23,35,41,15,7,26,6,12,0.275
42,26,9,33,30,21,13,23,0,24,39,50,14,10,31,5,36,17,44,28,0.45
23,17,50,18,2,20,22,21,11,12,9,49,31,29,48,27,35,42,38,41,0.39166666666666666
11,27,7,4,14,47,18,40,37,10,33,1,25,29,12,6,36,19,24,50,0.2833333333333333
35,16,22,26,15,5,42,0,18,17,13,29,30,48,38,21,41,32,8,12,0.26666666666666666
19,40,11,5,39,23,37,13,30,15,0,38,46,29,44,20,50,24,26,10,0.375
28,17,8,19,46,29,33,7,18,9,49,6,22,45,50,14,21,20,36,43,0.325
11,47,28,21,8,4,43,40,23,13,27,12,5,45,39,31,32,17,48,2,0.35833333333333334
50,21,33,3,39,44,36,12,49,45,23,20,1,11,30,34,28,15,9,42,0.4166666666666667
0,3,17,48,16,25,31,2,26,27,35,44,7,34,24,4,6,10,20,11,0.2916666666666667
2,15,14,30,32,48,47,18,1,45,22,3,13,31,41,46,29,37,24,33,0.4
5,9,35,33,16,23,42,39,14,50,22,30,0,12,32,38,47,6,8,44,0.275
26,35,21,17,5,43,32,47,9,6,40,41,36,44,38,22,33,10,3,2,0.2916666666666667
18,38,27,45,24,33,36,31,7,41,17,26,25,0,49,10,48,14,32,40,0.30833333333333335
5,32,48,35,27,31,34,46,41,37,28,17,23,14,26,24,29,13,20,43,0.30833333333333335
41,15,17,5,1,8,23,33,30,42,40,35,48,49,16,38,32,50,47,22,0.3333333333333333
17,45,34,14,30,24,12,20,13,43,19,8,38,1,3,0,23,49,10,39,0.39166666666666666
50,7,3,31,18,35,33,21,0,20,19,45,5,4,6,22,15,16,49,1,0.31666666666666665
19,5,20,32,40,39,17,11,8,18,4,7,44,41,31,12,16,15,22,27,0.26666666666666666
20,47,38,48,1,46,4,25,15,34,9,11,43,7,26,40,44,31,2,3,0.38333333333333336
8,27,11,31,17,7,28,13,4,6,50,40,33,46,23,1,41,37,29,45,0.3416666666666667
7,25,37,24,44,34,3,29,27,23,48,13,36,45,9,19,4,31,8,50,0.25
17,19,38,43,28,3,39,16,40,2,30,41,29,4,26,34,36,23,14,1,0.36666666666666664
37,50,5,2,10,31,17,47,25,48,34,1,21,3,11,4,35,18,44,19,0.35
5,1,48,10,40,4,21,24,7,18,45,3,13,49,16,39,30,44,20,2,0.2833333333333333
6,35,44,45,48,11,7,43,12,32,20,5,31,13,16,9,50,8,42,1,0.35833333333333334
31,49,7,30,32,35,4,18,3,27,12,16,13,44,22,42,24,14,23,33,0.2916666666666667
45,0,15,27,19,20,35,37,28,36,9,42,10,1,44,25,33,40,24,2,0.30833333333333335
49,17,38,3,30,10,31,27,19,24,6,11,32,37,22,33,46,13,23,40,0.30833333333333335
8,10,0,2,3,4,40,39,33,20,12,30,18,19,47,32,6,26,17,28,0.375
7,16,0,2,33,40,41,14,25,17,42,4,18,1,44,9,46,27,28,26,0.3416666666666667
23,44,16,50,26,9,0,18,13,32,48,10,45,35,29,36,42,2,14,12,0.325
